Target Time,Load Intensity,Successful Transactions,Failed Transactions,Dropped Transactions,Avg Response Time,Response Time CV,Final Batch Dispatch Time,16.04.2021;10:17:17487
0.05,10.0,0,0,0,0.0,0.0,0.049
0.15000000000000002,8.0,0,0,0,0.0,0.0,0.146
0.25,9.0,0,0,0,0.0,0.0,0.247
0.35,9.0,0,0,0,0.0,0.0,0.345
0.44999999999999996,9.0,4,0,0,0.35200000000000004,0.1809430882095221,0.447
0.5499999999999999,10.0,0,0,0,0.0,0.0,0.555
0.6499999999999999,9.0,0,0,0,0.0,0.0,0.645
0.7499999999999999,11.0,1,0,0,0.559,0.0,0.75
0.8499999999999999,9.0,3,0,0,0.61,0.6189973774517351,0.856
0.9499999999999998,11.0,3,0,0,0.7836666666666666,0.13819912390168201,0.946
1.0499999999999998,11.0,0,0,0,0.0,0.0,1.046
1.15,9.0,1,0,0,0.294,0.0,1.142
1.25,11.0,0,0,0,0.0,0.0,1.248
1.35,10.0,0,0,0,0.0,0.0,1.344
1.4500000000000002,9.0,0,0,0,0.0,0.0,1.439
1.5500000000000003,12.0,1,0,0,0.476,0.0,1.546
1.6500000000000004,12.0,0,0,0,0.0,0.0,1.651
1.7500000000000004,9.0,1,0,0,0.68,0.0,1.742
1.8500000000000005,9.0,3,0,0,0.626,0.04187010358492391,1.844
1.9500000000000006,11.0,0,0,0,0.0,0.0,1.942
2.0500000000000007,10.0,2,0,0,0.688,0.04316640233987638,2.04
2.150000000000001,9.0,0,0,0,0.0,0.0,2.148
2.250000000000001,9.0,0,0,0,0.0,0.0,2.244
2.350000000000001,11.0,5,0,0,2.1563999999999997,0.06364223439039551,2.352
2.450000000000001,10.0,2,0,0,2.161,0.023559318947446305,2.445
2.550000000000001,10.0,0,0,0,0.0,0.0,2.539
2.6500000000000012,10.0,1,0,0,2.418,0.0,2.651
2.7500000000000013,9.0,0,0,0,0.0,0.0,2.745
2.8500000000000014,10.0,1,0,0,0.536,0.0,2.844
2.9500000000000015,12.0,1,0,0,0.594,0.0,2.942
3.0500000000000016,10.0,3,0,0,2.0446666666666666,0.5557915832875434,3.043
3.1500000000000017,9.0,3,0,0,1.4749999999999999,0.8972460658755217,3.142
3.2500000000000018,10.0,1,0,0,0.925,0.0,3.248
3.350000000000002,10.0,0,0,0,0.0,0.0,3.355
3.450000000000002,9.0,3,0,0,0.7213333333333334,0.4379577036987579,3.44
3.550000000000002,12.0,0,0,0,0.0,0.0,3.544
3.650000000000002,11.0,1,0,0,3.119,0.0,3.642
3.750000000000002,13.0,0,0,0,0.0,0.0,3.746
3.8500000000000023,12.0,1,0,0,1.841,0.0,3.846
3.9500000000000024,12.0,1,0,0,0.037,0.0,3.943
4.0500000000000025,10.0,2,0,0,1.319,0.952101321749286,4.042
4.150000000000002,12.0,1,0,0,0.036,0.0,4.146
4.250000000000002,13.0,2,0,0,0.718,1.3275486644003704,4.246
4.350000000000001,11.0,3,0,0,1.9806666666666668,0.8788129982548073,4.343
4.450000000000001,10.0,3,0,0,0.49933333333333324,1.5617057331410091,4.447
4.550000000000001,13.0,0,0,0,0.0,0.0,4.544
4.65,12.0,2,0,0,1.3175,1.378791135383864,4.645
4.75,11.0,0,0,0,0.0,0.0,4.754
4.85,13.0,0,0,0,0.0,0.0,4.847
4.949999999999999,10.0,3,0,0,1.19,0.8870873384560327,4.942
5.049999999999999,10.0,2,0,0,1.0045,1.3381881443858905,5.047
5.149999999999999,10.0,5,0,0,0.7236,1.2973237544025267,5.145
5.249999999999998,13.0,4,0,0,4.9935,0.028167027726720473,5.248
5.349999999999998,10.0,2,0,0,5.1105,0.003182361015026,5.34
5.4499999999999975,13.0,1,0,0,5.028,0.0,5.45
5.549999999999997,12.0,0,0,0,0.0,0.0,5.541
5.649999999999997,9.0,4,0,0,3.0260000000000002,0.8741878044906435,5.643
5.7499999999999964,12.0,2,0,0,0.488,0.0028979786114202793,5.741
5.849999999999996,9.0,7,0,0,4.560285714285714,0.3936956306886206,5.839
5.949999999999996,12.0,1,0,0,0.643,0.0,5.947
6.049999999999995,10.0,1,0,0,5.499,0.0,6.04
6.149999999999995,12.0,13,0,0,1.4054615384615383,0.38072509662619086,6.144
6.249999999999995,13.0,2,0,0,0.7999999999999999,0.4154252339470967,6.249
6.349999999999994,11.0,0,0,0,0.0,0.0,6.346
6.449999999999994,10.0,0,0,0,0.0,0.0,6.453
6.549999999999994,9.0,1,0,0,0.638,0.0,6.549
6.649999999999993,10.0,1,0,0,0.798,0.0,6.644
6.749999999999993,12.0,0,0,0,0.0,0.0,6.742
6.8499999999999925,13.0,0,0,0,0.0,0.0,6.844
6.949999999999992,9.0,1,0,0,5.45,0.0,6.937
7.049999999999992,9.0,3,0,0,0.4443333333333333,1.5398558349075735,7.044
7.1499999999999915,12.0,1,0,0,4.05,0.0,7.141
7.249999999999991,12.0,5,0,0,2.0618,1.389978373735553,7.252
7.349999999999991,12.0,2,0,0,2.7625,1.3896408018323136,7.348
7.44999999999999,9.0,3,0,0,0.559,1.5694542241629583,7.451
7.54999999999999,8.0,3,0,0,2.507666666666667,1.1522808796988755,7.538
7.64999999999999,8.0,3,0,0,0.04766666666666667,0.16826866315406946,7.647
7.749999999999989,9.0,0,0,0,0.0,0.0,7.745
7.849999999999989,11.0,3,0,0,0.5733333333333333,1.6687005685096745,7.858
7.949999999999989,9.0,0,0,0,0.0,0.0,7.946
8.049999999999988,11.0,0,0,0,0.0,0.0,8.043
8.149999999999988,11.0,0,0,0,0.0,0.0,8.157
8.249999999999988,11.0,0,0,0,0.0,0.0,8.243
8.349999999999987,9.0,10,0,0,2.6024000000000003,1.254350058759481,8.345
8.449999999999987,8.0,6,0,0,3.5414999999999996,1.1154157249423353,8.444
8.549999999999986,9.0,6,0,0,1.6184999999999998,1.9864139414343376,8.536
8.649999999999986,8.0,2,0,0,3.8395,1.3659619731893795,8.649
8.749999999999986,11.0,0,0,0,0.0,0.0,8.746
8.849999999999985,10.0,0,0,0,0.0,0.0,8.851
8.949999999999985,9.0,0,0,0,0.0,0.0,8.939
9.049999999999985,9.0,0,0,0,0.0,0.0,9.045
9.149999999999984,10.0,0,0,0,0.0,0.0,9.153
9.249999999999984,10.0,0,0,0,0.0,0.0,9.255
9.349999999999984,11.0,0,0,0,0.0,0.0,9.345
9.449999999999983,11.0,1,0,0,1.098,0.0,9.453
9.549999999999983,11.0,2,0,0,3.3600000000000003,4.208968935634682E-4,9.543
9.649999999999983,10.0,3,0,0,2.9153333333333333,0.3305106868840444,9.653
9.749999999999982,11.0,2,0,0,2.8415,0.3655603947080902,9.747
9.849999999999982,9.0,0,0,0,0.0,0.0,9.842
9.949999999999982,9.0,1,0,0,1.67,0.0,9.943
10.049999999999981,11.0,0,0,0,0.0,0.0,10.047
10.14999999999998,10.0,0,0,0,0.0,0.0,10.143
10.24999999999998,8.0,4,0,0,2.12375,1.1305326641356588,10.241
10.34999999999998,12.0,4,0,0,3.11225,0.4718993879346852,10.346
10.44999999999998,11.0,5,0,0,1.893,0.968619009109729,10.451
10.54999999999998,9.0,5,0,0,1.0664,0.9718884785850316,10.544
10.649999999999979,10.0,5,0,0,3.29,0.37884419712276335,10.644
10.749999999999979,12.0,5,0,0,2.5792,0.9031760039993174,10.743
10.849999999999978,11.0,4,0,0,2.29775,0.9489902489899854,10.845
10.949999999999978,10.0,3,0,0,4.984333333333334,0.8994435815007069,10.947
11.049999999999978,9.0,1,0,0,0.49,0.0,11.047
11.149999999999977,11.0,3,0,0,4.001666666666666,1.3533874893848838,11.151
11.249999999999977,11.0,0,0,0,0.0,0.0,11.241
11.349999999999977,10.0,1,0,0,5.183,0.0,11.339
11.449999999999976,11.0,2,0,0,4.588,0.19943247054389557,11.439
11.549999999999976,9.0,1,0,0,2.887,0.0,11.541
11.649999999999975,11.0,0,0,0,0.0,0.0,11.647
11.749999999999975,12.0,0,0,0,0.0,0.0,11.744
11.849999999999975,11.0,0,0,0,0.0,0.0,11.844
11.949999999999974,10.0,4,0,0,1.9767499999999998,1.5764716610951062,11.952
12.049999999999974,11.0,2,0,0,0.7905,1.297927817206427,12.041
12.149999999999974,9.0,2,0,0,0.0435,0.9590643698852024,12.141
12.249999999999973,12.0,4,0,0,1.7217500000000001,1.2870366666870838,12.24
12.349999999999973,11.0,3,0,0,0.42199999999999993,1.547877746559701,12.349
12.449999999999973,12.0,1,0,0,0.208,0.0,12.45
12.549999999999972,9.0,2,0,0,0.039,1.0878565864408425,12.536
12.649999999999972,11.0,0,0,0,0.0,0.0,12.641
12.749999999999972,11.0,1,0,0,1.753,0.0,12.744
12.849999999999971,12.0,0,0,0,0.0,0.0,12.841
12.94999999999997,11.0,0,0,0,0.0,0.0,12.949
13.04999999999997,13.0,0,0,0,0.0,0.0,13.045
13.14999999999997,11.0,1,0,0,1.142,0.0,13.146
13.24999999999997,11.0,2,0,0,0.082,0.7933393154775897,13.243
13.34999999999997,10.0,0,0,0,0.0,0.0,13.337
13.449999999999969,12.0,1,0,0,0.173,0.0,13.448
13.549999999999969,12.0,0,0,0,0.0,0.0,13.546
13.649999999999968,11.0,0,0,0,0.0,0.0,13.647
13.749999999999968,10.0,1,0,0,3.811,0.0,13.745
13.849999999999968,13.0,4,0,0,0.3035,1.7625028669851008,13.843
13.949999999999967,12.0,1,0,0,0.028,0.0,13.947
14.049999999999967,13.0,1,0,0,0.154,0.0,14.05
14.149999999999967,11.0,1,0,0,0.295,0.0,14.139
14.249999999999966,13.0,1,0,0,4.882,0.0,14.242
14.349999999999966,11.0,2,0,0,0.054,1.1785113019775795,14.356
14.449999999999966,10.0,0,0,0,0.0,0.0,14.44
14.549999999999965,10.0,0,0,0,0.0,0.0,14.544
14.649999999999965,9.0,0,0,0,0.0,0.0,14.638
14.749999999999964,9.0,3,0,0,1.4803333333333335,1.6893856704551968,14.742
14.849999999999964,11.0,0,0,0,0.0,0.0,14.844
14.949999999999964,11.0,0,0,0,0.0,0.0,14.948
15.049999999999963,10.0,1,0,0,0.325,0.0,15.049
15.149999999999963,11.0,2,0,0,5.363,1.2037823815463693,15.143
15.249999999999963,12.0,1,0,0,14.148,0.0,15.242
15.349999999999962,10.0,2,0,0,14.225,0.03022291198322821,15.35
15.449999999999962,11.0,1,0,0,14.117,0.0,15.438
15.549999999999962,12.0,1,0,0,14.528,0.0,15.542
15.649999999999961,12.0,1,0,0,14.355,0.0,15.639
15.749999999999961,10.0,0,0,0,0.0,0.0,15.742
15.84999999999996,12.0,0,0,0,0.0,0.0,15.845
15.94999999999996,12.0,3,0,0,1.2146666666666666,1.6814442356550812,15.945
16.04999999999996,9.0,0,0,0,0.0,0.0,16.037
16.149999999999963,12.0,0,0,0,0.0,0.0,16.138
16.249999999999964,12.0,0,0,0,0.0,0.0,16.244
16.349999999999966,11.0,0,0,0,0.0,0.0,16.349
16.449999999999967,11.0,1,0,0,0.492,0.0,16.444
16.54999999999997,10.0,1,0,0,10.924,0.0,16.542
16.64999999999997,9.0,0,0,0,0.0,0.0,16.646
16.74999999999997,8.0,0,0,0,0.0,0.0,16.752
16.849999999999973,9.0,0,0,0,0.0,0.0,16.842
16.949999999999974,10.0,2,0,0,1.6535000000000002,0.05088945083834239,16.943
17.049999999999976,9.0,2,0,0,3.5090000000000003,0.7867041532494391,17.044
17.149999999999977,11.0,2,0,0,6.4175,1.0704390150724283,17.138
17.24999999999998,8.0,1,0,0,6.124,0.0,17.233
17.34999999999998,9.0,5,0,0,16.8524,0.01332102267334214,17.348
17.44999999999998,11.0,1,0,0,11.561,0.0,17.444
17.549999999999983,8.0,1,0,0,0.576,0.0,17.543
17.649999999999984,11.0,6,0,0,2.0784999999999996,1.4221507697407254,17.647
17.749999999999986,11.0,2,0,0,3.464,1.4097226994440812,17.744
17.849999999999987,10.0,2,0,0,8.418,1.3836377880381103,17.843
17.94999999999999,9.0,1,0,0,0.219,0.0,17.94
18.04999999999999,8.0,4,0,0,2.3955,1.314376338862229,18.037
18.14999999999999,11.0,4,0,0,5.4135,0.6577176153649262,18.144
18.249999999999993,10.0,1,0,0,6.837,0.0,18.247
18.349999999999994,10.0,0,0,0,0.0,0.0,18.346
18.449999999999996,11.0,2,0,0,7.742,0.04128290688405056,18.447
18.549999999999997,11.0,0,0,0,0.0,0.0,18.553
18.65,10.0,0,0,0,0.0,0.0,18.65
18.75,11.0,1,0,0,0.904,0.0,18.751
18.85,9.0,1,0,0,1.524,0.0,18.842
18.950000000000003,10.0,1,0,0,12.846,0.0,18.949
19.050000000000004,10.0,0,0,0,0.0,0.0,19.043
19.150000000000006,9.0,3,0,0,12.979666666666667,0.7303801910752963,19.143
19.250000000000007,8.0,1,0,0,0.091,0.0,19.24
19.35000000000001,12.0,1,0,0,0.021,0.0,19.34
19.45000000000001,11.0,2,0,0,1.0905,1.2326547373091488,19.44
19.55000000000001,9.0,2,0,0,2.2279999999999998,0.0012694915281625642,19.546
19.650000000000013,9.0,0,0,0,0.0,0.0,19.638
19.750000000000014,9.0,0,0,0,0.0,0.0,19.738
19.850000000000016,9.0,0,0,0,0.0,0.0,19.846
19.950000000000017,11.0,2,0,0,19.5225,0.023361960500208622,19.944
20.05000000000002,10.0,1,0,0,2.778,0.0,20.048
20.15000000000002,10.0,0,0,0,0.0,0.0,20.151
20.25000000000002,12.0,1,0,0,2.839,0.0,20.247
20.350000000000023,9.0,1,0,0,19.115,0.0,20.347
20.450000000000024,11.0,0,0,0,0.0,0.0,20.453
20.550000000000026,12.0,1,0,0,2.79,0.0,20.551
20.650000000000027,9.0,1,0,0,0.679,0.0,20.651
20.75000000000003,9.0,0,0,0,0.0,0.0,20.74
20.85000000000003,10.0,5,0,0,12.4676,0.7793094752478761,20.843
20.95000000000003,9.0,3,0,0,6.849333333333331,1.685449961907919,20.945
21.050000000000033,12.0,2,0,0,0.048,0.23570226039551584,21.046
21.150000000000034,12.0,1,0,0,0.082,0.0,21.145
21.250000000000036,11.0,0,0,0,0.0,0.0,21.248
21.350000000000037,11.0,0,0,0,0.0,0.0,21.342
21.45000000000004,12.0,1,0,0,1.507,0.0,21.449
21.55000000000004,11.0,3,0,0,20.856333333333335,0.018680064682584582,21.542
21.65000000000004,10.0,1,0,0,1.324,0.0,21.647
21.750000000000043,10.0,0,0,0,0.0,0.0,21.738
21.850000000000044,11.0,3,0,0,1.6273333333333335,1.7091679918241274,21.839
21.950000000000045,12.0,3,0,0,14.068333333333333,0.8643653557577458,21.942
22.050000000000047,11.0,5,0,0,17.309799999999996,0.5139626207492172,22.048
22.15000000000005,13.0,8,0,0,18.710250000000002,0.40163789596020916,22.149
22.25000000000005,11.0,5,0,0,21.2172,0.015087787374091822,22.246
22.35000000000005,12.0,14,0,0,19.983071428571428,0.28520212823247804,22.341
22.450000000000053,11.0,11,0,0,14.06081818181818,0.7226078052427097,22.453
22.550000000000054,10.0,3,0,0,7.327999999999999,1.7194148394915005,22.551
22.650000000000055,11.0,8,0,0,21.82475,0.011146269864619036,22.65
22.750000000000057,10.0,11,0,0,21.618454545454547,0.009452158995697481,22.743
22.85000000000006,10.0,3,0,0,8.335333333333333,1.3915368820536633,22.845
22.95000000000006,11.0,1,0,0,0.492,0.0,22.944
23.05000000000006,11.0,4,0,0,3.9557499999999997,1.6152047536280445,23.046
23.150000000000063,10.0,2,0,0,0.056999999999999995,1.1164843913471802,23.148
23.250000000000064,10.0,4,0,0,1.36375,1.2592698079773312,23.248
23.350000000000065,11.0,2,0,0,0.05,0.9616652224137047,23.348
23.450000000000067,12.0,2,0,0,1.7325,0.7228202652129152,23.449
23.550000000000068,12.0,0,0,0,0.0,0.0,23.545
23.65000000000007,10.0,3,0,0,0.8093333333333333,0.5046185580244725,23.654
23.75000000000007,13.0,1,0,0,0.466,0.0,23.747
23.850000000000072,11.0,1,0,0,14.07,0.0,23.85
23.950000000000074,11.0,1,0,0,1.554,0.0,23.947
24.050000000000075,11.0,3,0,0,1.3926666666666667,0.4341164204192249,24.046
24.150000000000077,11.0,0,0,0,0.0,0.0,24.155
24.250000000000078,12.0,0,0,0,0.0,0.0,24.243
24.35000000000008,12.0,0,0,0,0.0,0.0,24.345
24.45000000000008,13.0,0,0,0,0.0,0.0,24.447
24.550000000000082,12.0,0,0,0,0.0,0.0,24.556
24.650000000000084,10.0,0,0,0,0.0,0.0,24.651
24.750000000000085,11.0,0,0,0,0.0,0.0,24.747
24.850000000000087,13.0,2,0,0,8.9435,0.9822091510796085,24.843
24.950000000000088,11.0,3,0,0,2.524333333333333,1.7094324076217038,24.943
25.05000000000009,10.0,2,0,0,1.17,1.3706992989154614,25.059
25.15000000000009,9.0,2,0,0,8.902,1.0494602104062758,25.148
25.250000000000092,12.0,3,0,0,5.275666666666667,1.7220405665731562,25.246
25.350000000000094,12.0,2,0,0,1.3379999999999999,1.3307136584661634,25.351
25.450000000000095,10.0,0,0,0,0.0,0.0,25.447
25.550000000000097,8.0,2,0,0,2.99,0.07189313093000345,25.55
25.650000000000098,12.0,2,0,0,5.721,0.6948705337931778,25.648
25.7500000000001,9.0,2,0,0,0.054000000000000006,0.41902624070313926,25.746
25.8500000000001,10.0,1,0,0,3.07,0.0,25.848
25.950000000000102,8.0,3,0,0,4.192,1.1273585164335902,25.941
26.050000000000104,10.0,2,0,0,2.077,1.3454434276597187,26.05
26.150000000000105,9.0,1,0,0,0.114,0.0,26.142
26.250000000000107,11.0,1,0,0,4.199,0.0,26.243
26.350000000000108,10.0,1,0,0,4.349,0.0,26.345
26.45000000000011,10.0,2,0,0,3.0545,1.0928960923168083,26.442
26.55000000000011,11.0,1,0,0,4.139,0.0,26.54
26.650000000000112,10.0,3,0,0,1.0063333333333335,0.8631016679694418,26.641
26.750000000000114,9.0,3,0,0,3.1,0.8490530319058719,26.756
26.850000000000115,8.0,1,0,0,4.548,0.0,26.841
26.950000000000117,8.0,3,0,0,0.37566666666666676,1.6584178507306375,26.941
27.050000000000118,10.0,0,0,0,0.0,0.0,27.043
27.15000000000012,11.0,2,0,0,4.0835,1.270142828456796,27.141
27.25000000000012,8.0,3,0,0,0.131,1.21793408703384,27.235
27.350000000000122,10.0,1,0,0,4.944,0.0,27.349
27.450000000000124,10.0,1,0,0,5.323,0.0,27.447
27.550000000000125,11.0,2,0,0,0.542,0.7227622818770244,27.547
27.650000000000126,8.0,2,0,0,0.0855,0.8022147108198259,27.644
27.750000000000128,10.0,0,0,0,0.0,0.0,27.744
27.85000000000013,10.0,0,0,0,0.0,0.0,27.838
27.95000000000013,9.0,2,0,0,2.8249999999999997,1.2640315911476339,27.944
28.050000000000132,11.0,0,0,0,0.0,0.0,28.042
28.150000000000134,9.0,5,0,0,1.6636,1.4860081366264295,28.141
28.250000000000135,9.0,1,0,0,0.076,0.0,28.253
28.350000000000136,10.0,7,0,0,1.5998571428571426,1.3131255491191343,28.353
28.450000000000138,12.0,5,0,0,1.276,2.172242952996079,28.449
28.55000000000014,8.0,0,0,0,0.0,0.0,28.539
28.65000000000014,11.0,2,0,0,4.0375000000000005,1.3343520906155555,28.645
28.750000000000142,12.0,3,0,0,0.44799999999999995,1.6722325814435401,28.742
28.850000000000144,9.0,0,0,0,0.0,0.0,28.844
28.950000000000145,10.0,0,0,0,0.0,0.0,28.949
29.050000000000146,8.0,1,0,0,0.516,0.0,29.046
29.150000000000148,9.0,3,0,0,2.932,1.3750002855243173,29.138
29.25000000000015,11.0,2,0,0,0.265,0.9926178211373422,29.25
29.35000000000015,11.0,0,0,0,0.0,0.0,29.353
29.450000000000152,10.0,0,0,0,0.0,0.0,29.454
29.550000000000153,10.0,0,0,0,0.0,0.0,29.542
29.650000000000155,12.0,0,0,0,0.0,0.0,29.641
29.750000000000156,10.0,4,0,0,2.9202500000000002,1.2264915149703184,29.744
29.850000000000158,13.0,1,0,0,0.611,0.0,29.851
29.95000000000016,10.0,3,0,0,8.108,0.09154712678113557,29.952
30.05000000000016,9.0,1,0,0,8.473,0.0,30.053
30.150000000000162,11.0,0,0,0,0.0,0.0,30.151
30.250000000000163,10.0,1,0,0,0.466,0.0,30.247
30.350000000000165,13.0,2,0,0,6.1395,0.41335715248448884,30.347
30.450000000000166,10.0,5,0,0,3.2,1.356866111497833,30.447
30.550000000000168,10.0,4,0,0,4.2595,0.963439717512261,30.551
30.65000000000017,12.0,1,0,0,0.073,0.0,30.646
30.75000000000017,11.0,1,0,0,5.217,0.0,30.754
30.850000000000172,12.0,2,0,0,0.013499999999999998,0.47140452079103173,30.851
30.950000000000173,12.0,5,0,0,3.1115999999999997,1.3644633175144896,30.947
31.050000000000175,13.0,3,0,0,7.069333333333332,1.6079299448521798,31.044
31.150000000000176,11.0,2,0,0,4.2475000000000005,1.3962341551057265,31.147
31.250000000000178,11.0,1,0,0,0.104,0.0,31.247
31.35000000000018,13.0,0,0,0,0.0,0.0,31.341
31.45000000000018,10.0,0,0,0,0.0,0.0,31.453
31.550000000000182,10.0,3,0,0,2.0696666666666665,1.7123917772077553,31.545
31.650000000000183,13.0,2,0,0,2.1,1.3967042516008568,31.655
31.750000000000185,12.0,0,0,0,0.0,0.0,31.745
31.850000000000186,11.0,0,0,0,0.0,0.0,31.84
31.950000000000188,13.0,6,0,0,3.926666666666667,0.9235271150492859,31.942
32.05000000000019,12.0,3,0,0,10.438666666666666,1.0277909375088619,32.053
32.15000000000019,13.0,0,0,0,0.0,0.0,32.147
32.25000000000019,13.0,1,0,0,9.951,0.0,32.243
32.35000000000019,13.0,1,0,0,10.198,0.0,32.342
32.450000000000195,11.0,2,0,0,0.47250000000000003,0.025440878899833392,32.45
32.550000000000196,10.0,2,0,0,5.996,0.980467941758665,32.542
32.6500000000002,10.0,3,0,0,0.34,0.5452611196310579,32.644
32.7500000000002,13.0,2,0,0,0.087,0.6177024755192829,32.744
32.8500000000002,13.0,2,0,0,1.4935,1.4056913514180513,32.845
32.9500000000002,12.0,6,0,0,1.8319999999999999,1.9308290926222298,32.943
33.0500000000002,10.0,4,0,0,0.17149999999999999,0.8882452637095605,33.047
33.150000000000205,11.0,4,0,0,8.204,0.628263839778123,33.155
33.250000000000206,12.0,2,0,0,5.376,1.366336540730256,33.244
33.35000000000021,11.0,0,0,0,0.0,0.0,33.339
33.45000000000021,10.0,0,0,0,0.0,0.0,33.439
33.55000000000021,12.0,2,0,0,0.3805,0.3921144042847871,33.547
33.65000000000021,13.0,3,0,0,0.17666666666666667,1.6487381498133817,33.643
33.75000000000021,12.0,3,0,0,5.416,1.6870404861225465,33.745
33.850000000000215,10.0,4,0,0,3.0772500000000003,1.8393249822007525,33.843
33.950000000000216,10.0,2,0,0,8.566500000000001,1.2849508273776904,33.949
34.05000000000022,12.0,7,0,0,1.7752857142857146,2.20041364914373,34.051
34.15000000000022,9.0,4,0,0,0.03525,0.5018283891327431,34.146
34.25000000000022,9.0,1,0,0,0.157,0.0,34.241
34.35000000000022,10.0,4,0,0,0.6892499999999999,1.6037497436016452,34.343
34.45000000000022,11.0,2,0,0,0.09349999999999999,1.278086053695471,34.441
34.550000000000225,12.0,4,0,0,0.53225,1.870028847005101,34.555
34.650000000000226,11.0,3,0,0,1.6973333333333336,1.6730745423154985,34.651
34.75000000000023,8.0,4,0,0,0.247,1.4029649626421394,34.751
34.85000000000023,11.0,5,0,0,0.6078,1.7459886501383144,34.85
34.95000000000023,10.0,3,0,0,0.19800000000000004,0.5774165360787035,34.947
35.05000000000023,11.0,3,0,0,2.2836666666666665,1.721053606456245,35.048
35.15000000000023,9.0,5,0,0,3.3275999999999994,2.1697030275191995,35.141
35.250000000000234,9.0,4,0,0,0.38025,1.7352556892345488,35.242
35.350000000000236,11.0,2,0,0,0.2545,0.7862916270168683,35.35
35.45000000000024,10.0,1,0,0,0.218,0.0,35.446
35.55000000000024,8.0,1,0,0,23.206,0.0,35.538
35.65000000000024,11.0,0,0,0,0.0,0.0,35.646
35.75000000000024,9.0,3,0,0,2.0493333333333332,1.596722169872839,35.741
35.85000000000024,10.0,6,0,0,2.587333333333333,1.62447416564975,35.844
35.950000000000244,9.0,6,0,0,4.7124999999999995,1.4015945206657439,35.948
36.050000000000246,10.0,2,0,0,0.43500000000000005,0.7574982989262784,36.045
36.15000000000025,11.0,3,0,0,7.683666666666667,0.8997126309160663,36.142
36.25000000000025,11.0,2,0,0,0.586,1.2211468644382015,36.247
36.35000000000025,10.0,2,0,0,7.0520000000000005,1.3281815688594736,36.354
36.45000000000025,8.0,3,0,0,9.365,0.8145172574773321,36.451
36.55000000000025,11.0,2,0,0,7.0985,1.3432887151229969,36.549
36.650000000000254,11.0,1,0,0,18.378,0.0,36.647
36.750000000000256,10.0,1,0,0,0.41,0.0,36.738
36.85000000000026,10.0,1,0,0,14.299,0.0,36.843
36.95000000000026,12.0,1,0,0,15.362,0.0,36.951
37.05000000000026,10.0,4,0,0,1.8889999999999998,1.8279516802583553,37.048
37.15000000000026,11.0,1,0,0,0.067,0.0,37.148
37.25000000000026,11.0,1,0,0,0.141,0.0,37.251
37.350000000000264,8.0,1,0,0,15.096,0.0,37.348
37.450000000000266,12.0,0,0,0,0.0,0.0,37.448
37.55000000000027,10.0,2,0,0,7.683000000000001,1.3562313585272634,37.552
37.65000000000027,8.0,3,0,0,1.4260000000000002,1.6382562850104714,37.647
37.75000000000027,12.0,1,0,0,0.086,0.0,37.752
37.85000000000027,12.0,0,0,0,0.0,0.0,37.848
37.95000000000027,10.0,1,0,0,0.172,0.0,37.938
38.050000000000274,12.0,2,0,0,10.5315,1.4014565677925088,38.046
38.150000000000276,11.0,1,0,0,0.148,0.0,38.148
38.25000000000028,9.0,0,0,0,0.0,0.0,38.244
38.35000000000028,12.0,6,0,0,1.997333333333333,1.9765905109159696,38.347
38.45000000000028,11.0,1,0,0,0.055,0.0,38.442
38.55000000000028,11.0,1,0,0,0.306,0.0,38.552
38.65000000000028,9.0,2,0,0,1.3845,1.3978701770368946,38.64
38.750000000000284,9.0,6,0,0,1.8305,1.7892317465830456,38.754
38.850000000000286,12.0,5,0,0,0.05439999999999999,0.8495352255680567,38.841
38.95000000000029,10.0,5,0,0,0.37739999999999996,1.6955697940336178,38.948
39.05000000000029,9.0,0,0,0,0.0,0.0,39.042
39.15000000000029,9.0,0,0,0,0.0,0.0,39.151
39.25000000000029,12.0,3,0,0,0.39466666666666667,1.1609993421491596,39.244
39.35000000000029,12.0,2,0,0,1.3575000000000002,1.307952211830144,39.35
39.450000000000294,13.0,0,0,0,0.0,0.0,39.448
39.550000000000296,13.0,0,0,0,0.0,0.0,39.55
39.6500000000003,10.0,2,0,0,4.7204999999999995,1.214387178281822,39.651
39.7500000000003,11.0,7,0,0,0.5408571428571428,2.2432882172821516,39.752
39.8500000000003,10.0,0,0,0,0.0,0.0,39.847
39.9500000000003,12.0,3,0,0,1.3856666666666666,1.5639293393316704,39.953
40.0500000000003,11.0,1,0,0,1.546,0.0,40.046
40.150000000000304,13.0,4,0,0,1.2287499999999998,1.6614438930674769,40.15
40.250000000000306,10.0,1,0,0,0.054,0.0,40.245
40.35000000000031,13.0,0,0,0,0.0,0.0,40.345
40.45000000000031,10.0,3,0,0,1.2806666666666666,1.7198793740080387,40.437
40.55000000000031,11.0,3,0,0,3.3506666666666667,1.7235218249657083,40.544
40.65000000000031,12.0,3,0,0,9.925666666666668,1.695048152333494,40.642
40.75000000000031,13.0,0,0,0,0.0,0.0,40.744
40.850000000000314,12.0,0,0,0,0.0,0.0,40.846
40.950000000000315,13.0,1,0,0,4.505,0.0,40.947
41.05000000000032,12.0,7,0,0,1.472,2.157900792593352,41.043
41.15000000000032,10.0,5,0,0,5.836600000000001,1.5829075871149687,41.14
41.25000000000032,10.0,5,0,0,2.8764000000000003,1.6203363541819857,41.245
41.35000000000032,11.0,2,0,0,0.0445,0.9057322815198473,41.346
41.45000000000032,12.0,1,0,0,0.995,0.0,41.444
41.550000000000324,9.0,2,0,0,0.7625000000000001,1.3585723730338257,41.55
41.650000000000325,10.0,1,0,0,0.033,0.0,41.643
41.75000000000033,10.0,0,0,0,0.0,0.0,41.738
41.85000000000033,12.0,2,0,0,7.8065,1.4113150269221286,41.852
41.95000000000033,11.0,6,0,0,0.45316666666666655,1.7193105739232732,41.952
42.05000000000033,12.0,4,0,0,3.4564999999999997,1.975525711238384,42.044
42.15000000000033,11.0,4,0,0,4.350499999999999,1.9882075376554187,42.145
42.250000000000334,12.0,3,0,0,3.9150000000000005,1.718123543265356,42.252
42.350000000000335,10.0,2,0,0,0.6055,1.208679634232992,42.347
42.45000000000034,10.0,4,0,0,0.3389999999999999,1.8262311102346098,42.451
42.55000000000034,10.0,2,0,0,0.547,0.8945482496912082,42.547
42.65000000000034,12.0,4,0,0,3.51225,1.9850171335290105,42.646
42.75000000000034,12.0,3,0,0,3.497666666666666,1.7270988132949583,42.748
42.85000000000034,10.0,0,0,0,0.0,0.0,42.848
42.950000000000344,10.0,1,0,0,0.153,0.0,42.947
43.050000000000345,11.0,1,0,0,1.775,0.0,43.05
43.15000000000035,12.0,0,0,0,0.0,0.0,43.153
43.25000000000035,11.0,0,0,0,0.0,0.0,43.248
43.35000000000035,12.0,2,0,0,5.710999999999999,1.4100038564441262,43.35
43.45000000000035,12.0,1,0,0,0.013,0.0,43.443
43.55000000000035,11.0,4,0,0,4.948249999999999,1.9827762015537604,43.548
43.650000000000354,10.0,3,0,0,11.503,1.6156252550881904,43.639
43.750000000000355,9.0,2,0,0,9.329,1.1586273188141885,43.744
43.85000000000036,11.0,2,0,0,0.022,1.02851895445316,43.843
43.95000000000036,9.0,0,0,0,0.0,0.0,43.94
44.05000000000036,11.0,0,0,0,0.0,0.0,44.047
44.15000000000036,10.0,2,0,0,13.0725,1.374402463428494,44.147
44.25000000000036,11.0,3,0,0,2.705,1.7253275941027653,44.246
44.350000000000364,11.0,1,0,0,0.112,0.0,44.347
44.450000000000365,9.0,1,0,0,20.569,0.0,44.449
44.55000000000037,11.0,3,0,0,2.591,1.7257002745443217,44.542
44.65000000000037,10.0,0,0,0,0.0,0.0,44.651
44.75000000000037,11.0,3,0,0,4.545999999999999,1.719485070853019,44.745
44.85000000000037,9.0,0,0,0,0.0,0.0,44.84
44.95000000000037,8.0,2,0,0,4.109999999999999,1.152016303363777,44.959
45.050000000000374,11.0,3,0,0,0.025333333333333333,0.6144891804650326,45.047
45.150000000000375,10.0,0,0,0,0.0,0.0,45.151
45.25000000000038,11.0,0,0,0,0.0,0.0,45.241
45.35000000000038,9.0,1,0,0,34.705,0.0,45.345
45.45000000000038,10.0,1,0,0,0.9,0.0,45.455
45.55000000000038,10.0,1,0,0,1.162,0.0,45.543
45.65000000000038,9.0,2,0,0,15.589500000000001,1.332932228662181,45.649
45.750000000000384,11.0,3,0,0,0.349,1.0186518439659733,45.753
45.850000000000385,9.0,1,0,0,0.082,0.0,45.843
45.95000000000039,8.0,1,0,0,26.804,0.0,45.938
46.05000000000039,9.0,0,0,0,0.0,0.0,46.041
46.15000000000039,10.0,4,0,0,0.15999999999999998,1.1203491829187304,46.142
46.25000000000039,10.0,1,0,0,0.05,0.0,46.25
46.35000000000039,10.0,1,0,0,0.104,0.0,46.345
46.450000000000394,11.0,1,0,0,0.224,0.0,46.445
46.550000000000395,10.0,2,0,0,29.7255,0.05925562200587676,46.541
46.6500000000004,10.0,4,0,0,3.0564999999999998,1.745259682312579,46.647
46.7500000000004,10.0,1,0,0,0.029,0.0,46.749
46.8500000000004,10.0,1,0,0,0.16,0.0,46.846
46.9500000000004,12.0,1,0,0,0.233,0.0,46.948
47.0500000000004,9.0,1,0,0,0.211,0.0,47.055
47.150000000000404,12.0,1,0,0,0.237,0.0,47.145
47.250000000000405,10.0,1,0,0,0.192,0.0,47.248
47.350000000000406,11.0,1,0,0,0.736,0.0,47.342
47.45000000000041,10.0,1,0,0,0.784,0.0,47.446
47.55000000000041,9.0,1,0,0,0.289,0.0,47.557
47.65000000000041,13.0,1,0,0,0.209,0.0,47.646
47.75000000000041,13.0,1,0,0,0.119,0.0,47.743
47.85000000000041,10.0,2,0,0,0.40249999999999997,0.24067982365852666,47.84
47.950000000000415,11.0,4,0,0,6.5184999999999995,1.9657725415012481,47.941
48.050000000000416,11.0,1,0,0,0.038,0.0,48.046
48.15000000000042,10.0,2,0,0,1.391,1.1671582815271844,48.138
48.25000000000042,11.0,3,0,0,0.03933333333333333,0.9174878582976058,48.241
48.35000000000042,9.0,1,0,0,0.323,0.0,48.342
48.45000000000042,9.0,2,0,0,0.16799999999999998,0.715524719057816,48.451
48.55000000000042,11.0,3,0,0,3.9150000000000005,0.5605897482808154,48.541
48.650000000000425,10.0,1,0,0,0.176,0.0,48.642
48.750000000000426,13.0,2,0,0,13.3625,1.3815107005752811,48.745
48.85000000000043,10.0,2,0,0,0.3665,1.1479632600436447,48.845
48.95000000000043,13.0,3,0,0,7.4076666666666675,1.5606593772995063,48.947
49.05000000000043,11.0,4,0,0,5.456250000000001,1.9890063129982956,49.044
49.15000000000043,12.0,1,0,0,0.268,0.0,49.152
49.25000000000043,11.0,0,0,0,0.0,0.0,49.243
49.350000000000435,12.0,1,0,0,0.858,0.0,49.355
49.450000000000436,12.0,1,0,0,2.936,0.0,49.447
49.55000000000044,12.0,3,0,0,0.5873333333333334,1.6585781810207978,49.547
49.65000000000044,11.0,2,0,0,15.9315,1.3898910242511209,49.642
49.75000000000044,13.0,3,0,0,0.038,0.4427001010858085,49.741
49.85000000000044,11.0,2,0,0,0.389,1.047027007618127,49.851
49.95000000000044,11.0,1,0,0,0.403,0.0,49.95
50.050000000000445,10.0,3,0,0,7.946000000000001,1.7098417632998153,50.055
50.150000000000446,12.0,3,0,0,12.566666666666668,1.1098509913631571,50.145
50.25000000000045,13.0,6,0,0,8.7225,1.5218900764858492,50.248
50.35000000000045,12.0,1,0,0,0.047,0.0,50.343
50.45000000000045,11.0,0,0,0,0.0,0.0,50.448
50.55000000000045,11.0,1,0,0,28.488,0.0,50.542
50.65000000000045,12.0,3,0,0,0.3483333333333334,1.6353669423272768,50.646
50.750000000000455,9.0,5,0,0,3.6316,1.9036860133342428,50.738
50.850000000000456,12.0,1,0,0,5.435,0.0,50.847
50.95000000000046,12.0,4,0,0,0.21475,1.8205505637509225,50.943
51.05000000000046,12.0,6,0,0,4.898,2.3403719661952396,51.044
51.15000000000046,9.0,1,0,0,2.132,0.0,51.155
51.25000000000046,9.0,1,0,0,1.141,0.0,51.245
51.35000000000046,11.0,1,0,0,1.496,0.0,51.352
51.450000000000465,12.0,1,0,0,0.44,0.0,51.443
51.550000000000466,12.0,1,0,0,0.055,0.0,51.544
51.65000000000047,11.0,1,0,0,0.158,0.0,51.643
51.75000000000047,9.0,0,0,0,0.0,0.0,51.74
51.85000000000047,9.0,5,0,0,0.9236000000000001,0.8376643446735337,51.843
51.95000000000047,11.0,6,0,0,7.064500000000002,2.2658285125436004,51.943
52.05000000000047,9.0,4,0,0,0.0895,0.7496587796071612,52.046
52.150000000000475,10.0,4,0,0,0.44875,1.3619402034317016,52.14
52.250000000000476,11.0,4,0,0,4.818,1.830996813448459,52.245
52.35000000000048,9.0,5,0,0,12.421,1.3664153180842462,52.349
52.45000000000048,12.0,1,0,0,0.172,0.0,52.445
52.55000000000048,10.0,2,0,0,1.903,1.2380871229183268,52.541
52.65000000000048,8.0,0,0,0,0.0,0.0,52.644
52.75000000000048,8.0,3,0,0,0.258,0.4527921509116162,52.745
52.850000000000485,9.0,2,0,0,0.40700000000000003,1.0841145736127902,52.853
52.950000000000486,8.0,5,0,0,0.227,1.1069679049176653,52.948
53.05000000000049,11.0,3,0,0,0.057666666666666665,0.5649383455662713,53.043
53.15000000000049,9.0,2,0,0,0.0655,0.010795523376893865,53.152
53.25000000000049,9.0,1,0,0,0.926,0.0,53.244
53.35000000000049,8.0,1,0,0,0.199,0.0,53.339
53.45000000000049,11.0,4,0,0,0.17625,0.6388859912063631,53.443
53.550000000000495,9.0,4,0,0,0.8925000000000001,1.2583973262690376,53.539
53.650000000000496,11.0,6,0,0,0.7293333333333334,1.575579622294216,53.659
53.7500000000005,10.0,3,0,0,0.13233333333333336,0.9294812720862962,53.75
53.8500000000005,10.0,1,0,0,0.984,0.0,53.852
53.9500000000005,8.0,5,0,0,1.1098,1.2948241973492636,53.943
54.0500000000005,11.0,1,0,0,1.283,0.0,54.042
54.1500000000005,8.0,1,0,0,0.118,0.0,54.144
54.250000000000504,8.0,2,0,0,0.482,0.7745900009678364,54.25
54.350000000000506,11.0,3,0,0,1.0876666666666668,1.223892949781877,54.343
54.45000000000051,8.0,3,0,0,0.074,1.5682663866382713,54.447
54.55000000000051,10.0,3,0,0,0.17733333333333332,0.20467154268896545,54.546
54.65000000000051,10.0,4,0,0,0.273,1.1862666252279057,54.647
54.75000000000051,8.0,2,0,0,0.453,0.5962798905370003,54.749
54.85000000000051,10.0,0,0,0,0.0,0.0,54.839
54.950000000000514,11.0,2,0,0,0.177,0.2956265638859012,54.952
55.050000000000516,12.0,1,0,0,0.098,0.0,55.048
55.15000000000052,8.0,5,0,0,5.9466,1.213831067916594,55.147
55.25000000000052,9.0,2,0,0,0.7575000000000001,0.9176052355199686,55.25
55.35000000000052,9.0,4,0,0,7.24225,1.4587860658832337,55.343
55.45000000000052,11.0,1,0,0,36.679,0.0,55.446
55.55000000000052,11.0,2,0,0,0.5195,0.9323737153277866,55.543
55.650000000000524,11.0,1,0,0,0.878,0.0,55.641
55.750000000000526,12.0,1,0,0,0.644,0.0,55.744
55.85000000000053,12.0,3,0,0,7.209,1.6451215707886249,55.854
55.95000000000053,12.0,2,0,0,0.745,0.1537601322848599,55.955
56.05000000000053,9.0,0,0,0,0.0,0.0,56.042
56.15000000000053,10.0,2,0,0,2.08,1.2632734610044283,56.146
56.25000000000053,11.0,1,0,0,38.086,0.0,56.245
56.350000000000534,12.0,4,0,0,0.5665,1.138717032247923,56.341
56.450000000000536,9.0,2,0,0,0.2325,0.8546107764018058,56.443
56.55000000000054,11.0,3,0,0,1.7513333333333332,1.7172163402537541,56.547
56.65000000000054,12.0,1,0,0,4.696,0.0,56.65
56.75000000000054,12.0,2,0,0,2.9004999999999996,1.3303505274728462,56.741
56.85000000000054,12.0,1,0,0,1.393,0.0,56.847
56.95000000000054,11.0,0,0,0,0.0,0.0,56.948
57.050000000000544,12.0,4,0,0,2.0875,1.613708162354911,57.055
57.150000000000546,13.0,4,0,0,9.96775,1.6054137384749632,57.142
57.25000000000055,10.0,1,0,0,1.247,0.0,57.254
57.35000000000055,10.0,0,0,0,0.0,0.0,57.346
57.45000000000055,13.0,1,0,0,0.385,0.0,57.451
57.55000000000055,12.0,2,0,0,1.3935,0.20855463729291068,57.544
57.65000000000055,13.0,5,0,0,4.5814,1.486172128465504,57.645
57.750000000000554,11.0,5,0,0,0.4633999999999999,2.093124216194541,57.749
57.850000000000556,12.0,2,0,0,0.3295,1.3154975929206483,57.844
57.95000000000056,12.0,4,0,0,0.3725,1.3261174348509712,57.944
58.05000000000056,13.0,3,0,0,0.11433333333333334,1.216980305026529,58.045
58.15000000000056,13.0,3,0,0,11.880666666666665,1.6957529368361222,58.146
58.25000000000056,11.0,3,0,0,9.265999999999998,1.6707146207732215,58.241
58.35000000000056,13.0,1,0,0,0.13,0.0,58.342
58.450000000000564,11.0,5,0,0,4.223400000000001,2.044577148199709,58.448
58.550000000000566,12.0,7,0,0,6.96242857142857,2.134099186080745,58.546
58.65000000000057,10.0,2,0,0,0.09749999999999999,0.6309568201356885,58.647
58.75000000000057,10.0,1,0,0,0.17,0.0,58.75
58.85000000000057,10.0,1,0,0,0.299,0.0,58.844
58.95000000000057,10.0,4,0,0,12.372000000000002,1.9581362520595138,58.946
59.05000000000057,11.0,6,0,0,8.380666666666666,2.33618743122146,59.048
59.150000000000574,12.0,3,0,0,0.16033333333333333,0.5700068666484037,59.146
59.250000000000576,11.0,0,0,0,0.0,0.0,59.255
59.35000000000058,11.0,3,0,0,0.13599999999999998,0.558629997447723,59.351
59.45000000000058,12.0,4,0,0,0.47824999999999995,0.6845158268242905,59.445
59.55000000000058,12.0,1,0,0,0.085,0.0,59.546
59.65000000000058,11.0,3,0,0,0.9576666666666668,1.0702065437973753,59.651
59.75000000000058,9.0,4,0,0,0.14975,1.1026842827934107,59.743
59.850000000000584,10.0,1,0,0,0.079,0.0,59.855
59.950000000000585,11.0,1,0,0,0.123,0.0,59.952
60.05000000000059,12.0,2,0,0,0.6174999999999999,0.024047356121323908,60.045
60.15000000000059,11.0,3,0,0,0.32699999999999996,1.1141071932584052,60.153
60.25000000000059,11.0,1,0,0,0.086,0.0,60.252
60.35000000000059,12.0,1,0,0,0.062,0.0,60.342
60.45000000000059,10.0,3,0,0,0.25300000000000006,1.0914316786910032,60.448
60.550000000000594,10.0,1,0,0,35.384,0.0,60.546
60.650000000000595,12.0,2,0,0,0.314,0.8287111320912403,60.648
60.7500000000006,9.0,2,0,0,0.1505,0.51212384816833,60.741
60.8500000000006,9.0,1,0,0,0.105,0.0,60.851
60.9500000000006,10.0,2,0,0,2.4155,0.9153893209564621,60.947
61.0500000000006,12.0,1,0,0,1.268,0.0,61.046
61.1500000000006,12.0,3,0,0,2.9949999999999997,0.9805616302117397,61.141
61.250000000000604,12.0,2,0,0,0.7745,1.3776941676055523,61.25
61.350000000000605,9.0,3,0,0,0.054,0.6097065790057158,61.344
61.45000000000061,11.0,3,0,0,13.146666666666667,1.6677847331465498,61.448
61.55000000000061,9.0,0,0,0,0.0,0.0,61.542
61.65000000000061,9.0,3,0,0,8.718,1.229475423477134,61.638
61.75000000000061,9.0,0,0,0,0.0,0.0,61.754
61.85000000000061,12.0,0,0,0,0.0,0.0,61.847
61.950000000000614,11.0,3,0,0,18.861333333333334,1.1446152029231624,61.941
62.050000000000615,11.0,3,0,0,5.252666666666666,1.7130908049477478,62.048
62.15000000000062,8.0,3,0,0,3.0706666666666664,1.2939108128056567,62.147
62.25000000000062,9.0,0,0,0,0.0,0.0,62.243
62.35000000000062,9.0,0,0,0,0.0,0.0,62.339
62.45000000000062,8.0,2,0,0,2.8810000000000002,1.0175858086773433,62.449
62.55000000000062,8.0,4,0,0,17.98025,1.1523971963832795,62.541
62.650000000000624,11.0,0,0,0,0.0,0.0,62.641
62.750000000000625,11.0,2,0,0,0.9615,1.1435788296880725,62.747
62.85000000000063,9.0,1,0,0,1.817,0.0,62.839
62.95000000000063,9.0,4,0,0,1.2825,0.3932306836938857,62.939
63.05000000000063,11.0,2,0,0,1.1260000000000001,0.30394287930221053,63.041
63.15000000000063,9.0,3,0,0,3.406,0.8946260971290405,63.148
63.25000000000063,10.0,2,0,0,10.7645,1.3833398397517307,63.245
63.350000000000634,10.0,5,0,0,0.1332,1.7100101521060895,63.341
63.450000000000635,10.0,4,0,0,0.3145,0.9822340508785886,63.439
63.55000000000064,10.0,1,0,0,0.086,0.0,63.539
63.65000000000064,10.0,5,0,0,0.41340000000000005,0.7736218170613619,63.647
63.75000000000064,11.0,3,0,0,0.121,0.460071592056753,63.743
63.85000000000064,8.0,4,0,0,0.39325,0.9082820337434488,63.847
63.95000000000064,9.0,8,0,0,0.058125,0.7521384870168192,63.943
64.05000000000064,12.0,4,0,0,0.12,0.3598482190323314,64.051
64.15000000000063,11.0,1,0,0,0.155,0.0,64.147
64.25000000000063,8.0,7,0,0,0.7081428571428573,1.6320819153547241,64.251
64.35000000000062,10.0,3,0,0,0.18533333333333335,0.7846098048931555,64.342
64.45000000000061,9.0,2,0,0,0.722,1.2261740859356751,64.448
64.55000000000061,11.0,3,0,0,2.132,1.5923285523498814,64.541
64.6500000000006,10.0,2,0,0,0.377,0.7990119065927564,64.645
64.7500000000006,11.0,1,0,0,0.188,0.0,64.74
64.85000000000059,12.0,0,0,0,0.0,0.0,64.85
64.95000000000059,11.0,0,0,0,0.0,0.0,64.943
65.05000000000058,12.0,0,0,0,0.0,0.0,65.046
65.15000000000057,12.0,3,0,0,0.9949999999999998,1.0442588295621964,65.145
65.25000000000057,9.0,3,0,0,0.04566666666666666,0.73490999861062,65.251
65.35000000000056,11.0,3,0,0,11.538666666666666,1.6599177530251636,65.344
65.45000000000056,10.0,2,0,0,0.4995,1.1707253414239736,65.439
65.55000000000055,12.0,3,0,0,0.3786666666666667,1.19288270711996,65.55
65.65000000000055,11.0,2,0,0,0.0805,0.4128449529909034,65.642
65.75000000000054,13.0,4,0,0,0.42874999999999996,1.0873031039705572,65.748
65.85000000000053,12.0,7,0,0,6.566142857142857,2.0859111225212303,65.846
65.95000000000053,12.0,0,0,0,0.0,0.0,65.951
66.05000000000052,12.0,3,0,0,0.12466666666666666,0.4221213020719976,66.044
66.15000000000052,10.0,2,0,0,0.335,1.1355923829204853,66.147
66.25000000000051,10.0,1,0,0,0.25,0.0,66.241
66.3500000000005,10.0,3,0,0,15.656,1.2270263171444291,66.345
66.4500000000005,12.0,3,0,0,21.231666666666666,0.5321619594868102,66.446
66.5500000000005,11.0,1,0,0,0.627,0.0,66.552
66.65000000000049,13.0,2,0,0,0.0925,0.4357306651636022,66.642
66.75000000000048,11.0,1,0,0,0.074,0.0,66.753
66.85000000000048,13.0,5,0,0,5.7,1.9754197164969838,66.842
66.95000000000047,13.0,3,0,0,2.9103333333333334,1.2927259165809855,66.945
67.05000000000047,13.0,4,0,0,2.18475,0.9621461232155835,67.052
67.15000000000046,11.0,2,0,0,11.743,1.4037361222022309,67.155
67.25000000000045,12.0,1,0,0,3.019,0.0,67.248
67.35000000000045,13.0,1,0,0,31.103,0.0,67.348
67.45000000000044,10.0,0,0,0,0.0,0.0,67.449
67.55000000000044,11.0,2,0,0,12.140500000000001,1.3615613215104747,67.542
67.65000000000043,11.0,1,0,0,1.515,0.0,67.647
67.75000000000043,13.0,1,0,0,0.932,0.0,67.74
67.85000000000042,12.0,0,0,0,0.0,0.0,67.843
67.95000000000041,10.0,3,0,0,1.075,0.8943580141288233,67.945
68.05000000000041,11.0,2,0,0,0.5904999999999999,1.3878691945727497,68.051
68.1500000000004,13.0,6,0,0,0.24616666666666673,1.6895983316551344,68.146
68.2500000000004,13.0,3,0,0,0.09400000000000001,0.8492667196283842,68.251
68.35000000000039,13.0,3,0,0,0.12066666666666664,0.810221512489639,68.347
68.45000000000039,10.0,2,0,0,1.314,1.349637600620899,68.442
68.55000000000038,13.0,2,0,0,1.1595000000000002,1.2202851825392684,68.549
68.65000000000038,13.0,4,0,0,12.089250000000002,1.8160796932231305,68.642
68.75000000000037,9.0,2,0,0,0.4795,1.0986330594034994,68.743
68.85000000000036,10.0,2,0,0,0.0445,0.3336908405599438,68.843
68.95000000000036,12.0,7,0,0,4.469571428571428,1.5851946076069288,68.952
69.05000000000035,12.0,2,0,0,0.1905,0.656996851811123,69.055
69.15000000000035,11.0,2,0,0,0.091,0.6216323351090529,69.143
69.25000000000034,10.0,1,0,0,0.099,0.0,69.243
69.35000000000034,12.0,1,0,0,2.225,0.0,69.345
69.45000000000033,9.0,1,0,0,35.327,0.0,69.445
69.55000000000032,9.0,2,0,0,8.2,1.3009040123146656,69.542
69.65000000000032,10.0,2,0,0,17.828999999999997,1.2506537235928312,69.647
69.75000000000031,9.0,6,0,0,0.7248333333333332,1.066656543278886,69.741
69.8500000000003,8.0,4,0,0,0.7865,1.8848941181994365,69.846
69.9500000000003,11.0,1,0,0,0.053,0.0,69.95
70.0500000000003,11.0,0,0,0,0.0,0.0,70.056
70.15000000000029,11.0,1,0,0,9.44,0.0,70.147
70.25000000000028,10.0,0,0,0,0.0,0.0,70.241
70.35000000000028,10.0,1,1,0,1.413,0.0,70.338
70.45000000000027,12.0,2,1,0,0.056,0.05050762722761058,70.441
70.55000000000027,8.0,3,1,0,0.5913333333333333,1.5467547721981822,70.542
70.65000000000026,12.0,2,2,0,0.05550000000000001,0.6752551243763427,70.643
70.75000000000026,11.0,6,1,0,2.6135,1.681858652925014,70.755
70.85000000000025,10.0,3,1,0,1.147,0.7995995338526016,70.845
70.95000000000024,9.0,2,0,0,1.2695,1.2359747518337525,70.937
71.05000000000024,9.0,4,0,0,0.22075,0.405165978854748,71.047
71.15000000000023,8.0,5,0,0,0.0682,0.8336779730118936,71.141
71.25000000000023,11.0,0,0,0,0.0,0.0,71.248
71.35000000000022,11.0,2,0,0,0.1475,0.03355760995461585,71.355
71.45000000000022,11.0,2,0,0,0.08750000000000001,0.8000408152853509,71.449
71.55000000000021,11.0,3,0,0,0.9349999999999999,1.508022528159771,71.546
71.6500000000002,8.0,4,0,0,0.49975,1.692204826437585,71.645
71.7500000000002,8.0,5,0,0,0.2572,1.580847681051732,71.754
71.8500000000002,10.0,3,0,0,0.4393333333333333,1.1753365750770544,71.842
71.95000000000019,8.0,8,0,0,0.61325,1.7689628627660494,71.947
72.05000000000018,8.0,7,1,0,0.38028571428571434,1.560293468758656,72.044
72.15000000000018,10.0,3,0,0,0.10166666666666667,0.814217919031589,72.147
72.25000000000017,9.0,2,0,0,0.6675000000000001,1.1133621378682568,72.238
72.35000000000016,9.0,4,0,0,0.1385,0.791824403127888,72.343
72.45000000000016,10.0,1,0,0,0.114,0.0,72.443
72.55000000000015,11.0,5,0,0,4.8942,1.8085798697332993,72.55
72.65000000000015,11.0,4,0,0,11.23525,1.9235065142193273,72.648
72.75000000000014,9.0,1,0,0,0.096,0.0,72.741
72.85000000000014,10.0,2,0,0,1.59,1.3163748882466546,72.843
72.95000000000013,10.0,2,0,0,0.14900000000000002,1.1484553090412382,72.945
73.05000000000013,12.0,4,0,0,0.9577499999999999,1.6159060023362526,73.049
73.15000000000012,11.0,2,0,0,5.8935,1.40341529134454,73.151
73.25000000000011,9.0,0,0,0,0.0,0.0,73.238
73.35000000000011,10.0,0,0,0,0.0,0.0,73.347
73.4500000000001,11.0,2,1,0,0.596,0.6810055241628832,73.442
73.5500000000001,10.0,3,0,0,17.664666666666665,1.3352355401361076,73.546
73.65000000000009,9.0,1,0,0,1.114,0.0,73.649
73.75000000000009,10.0,1,0,0,2.01,0.0,73.747
73.85000000000008,11.0,3,0,0,14.053000000000003,1.541540251258918,73.847
73.95000000000007,11.0,3,0,0,0.021,0.6751165180360869,73.943
74.05000000000007,9.0,1,1,0,6.691,0.0,74.043
74.15000000000006,10.0,4,1,0,1.529,0.49039835794113035,74.147
74.25000000000006,13.0,1,0,0,0.17,0.0,74.246
74.35000000000005,9.0,3,0,0,0.03266666666666667,0.41786929039680143,74.341
74.45000000000005,10.0,4,0,0,2.23775,1.5306546151466196,74.443
74.55000000000004,10.0,4,0,0,0.03325,0.8425974215238861,74.546
74.65000000000003,12.0,5,0,0,0.7154,0.9001585779389802,74.651
74.75000000000003,9.0,1,0,0,0.104,0.0,74.744
74.85000000000002,13.0,5,0,0,0.585,1.3895590756497467,74.851
74.95000000000002,9.0,3,0,0,0.7436666666666666,0.9361198660017167,74.947
75.05000000000001,12.0,2,0,0,0.275,1.2033671767101972,75.043
75.15,13.0,1,2,0,1.09,0.0,75.148
75.25,10.0,3,0,0,0.16533333333333333,1.6063829901783182,75.247
75.35,10.0,2,0,0,0.761,1.2934200255081132,75.353
75.44999999999999,11.0,2,0,0,3.9655,0.3985332633846763,75.453
75.54999999999998,10.0,5,0,0,2.3532000000000006,1.1688123327798108,75.539
75.64999999999998,12.0,1,0,0,35.761,0.0,75.643
75.74999999999997,10.0,4,0,0,0.28575000000000006,1.876493103519332,75.745
75.84999999999997,11.0,2,0,0,0.636,1.2919152197150445,75.848
75.94999999999996,13.0,3,0,0,1.3816666666666668,1.6474379356625164,75.951
76.04999999999995,11.0,4,0,0,0.0495,0.8743064649851476,76.043
76.14999999999995,10.0,4,0,0,5.732,1.5970325393970493,76.153
76.24999999999994,11.0,2,0,0,9.844,1.4008529507009397,76.255
76.34999999999994,12.0,1,0,0,1.215,0.0,76.339
76.44999999999993,12.0,4,1,0,0.07475,0.8502002910890564,76.459
76.54999999999993,12.0,2,0,0,0.27349999999999997,0.9333292431749313,76.547
76.64999999999992,12.0,7,0,0,0.198,1.8874321432116117,76.646
76.74999999999991,13.0,1,0,0,0.042,0.0,76.743
76.84999999999991,12.0,5,0,0,4.6128,2.0845262476950057,76.85
76.9499999999999,13.0,0,0,0,0.0,0.0,76.944
77.0499999999999,10.0,3,0,0,0.7553333333333333,0.9235008216240356,77.043
77.14999999999989,11.0,1,0,0,0.092,0.0,77.147
77.24999999999989,10.0,1,0,0,0.14,0.0,77.237
77.34999999999988,13.0,3,0,0,0.6126666666666667,1.6812277477866011,77.351
77.44999999999987,11.0,0,0,0,0.0,0.0,77.439
77.54999999999987,12.0,1,0,0,0.185,0.0,77.541
77.64999999999986,12.0,4,0,0,7.047000000000001,1.600147170253419,77.651
77.74999999999986,12.0,1,0,0,0.025,0.0,77.75
77.84999999999985,10.0,2,0,0,1.193,0.42201175876347174,77.853
77.94999999999985,11.0,0,1,0,0.0,0.0,77.954
78.04999999999984,9.0,1,0,0,0.81,0.0,78.047
78.14999999999984,12.0,2,0,0,28.35,0.39144034652351595,78.143
78.24999999999983,10.0,0,0,0,0.0,0.0,78.249
78.34999999999982,12.0,0,0,0,0.0,0.0,78.351
78.44999999999982,8.0,0,0,0,0.0,0.0,78.437
78.54999999999981,10.0,1,0,0,1.466,0.0,78.545
78.6499999999998,10.0,2,0,0,2.8899999999999997,0.18203717827086213,78.647
78.7499999999998,10.0,1,0,0,0.177,0.0,78.741
78.8499999999998,9.0,4,0,0,1.74375,1.930949814717625,78.843
78.94999999999979,9.0,1,0,0,2.102,0.0,78.944
79.04999999999978,11.0,5,0,0,0.2792,1.7980502765281199,79.045
79.14999999999978,8.0,4,0,0,10.086249999999998,1.988766958786994,79.149
79.24999999999977,10.0,2,0,0,0.0535,0.5683288147854494,79.246
79.34999999999977,8.0,4,0,0,2.4154999999999998,1.1267897002431726,79.342
79.44999999999976,8.0,2,1,0,0.822,0.9204431336613211,79.434
79.54999999999976,9.0,1,0,0,14.025,0.0,79.539
79.64999999999975,10.0,2,0,0,3.5854999999999997,1.002433068964223,79.642
79.74999999999974,10.0,5,0,0,2.0917999999999997,1.296624863604027,79.742
79.84999999999974,8.0,1,0,0,0.17,0.0,79.838
79.94999999999973,8.0,3,0,0,0.09166666666666667,0.7659186673261579,79.944
80.04999999999973,10.0,0,0,0,0.0,0.0,80.041
80.14999999999972,8.0,6,0,0,1.5803333333333331,1.5340780317592875,80.136
80.24999999999972,8.0,3,0,0,1.47,1.699070394501047,80.236
80.34999999999971,8.0,2,0,0,15.67,1.4030225935323635,80.345
80.4499999999997,10.0,6,0,0,0.8661666666666669,1.075547552652319,80.45
80.5499999999997,10.0,6,0,0,0.5033333333333333,1.5016233485873753,80.548
80.6499999999997,9.0,8,0,0,0.31750000000000006,1.4931753554095468,80.639
80.74999999999969,10.0,6,0,0,0.23366666666666666,2.042395899579867,80.746
80.84999999999968,10.0,4,0,0,0.60875,1.7263021134444492,80.844
80.94999999999968,8.0,2,0,0,7.078,1.3982292327616446,80.951
81.04999999999967,11.0,1,0,0,0.213,0.0,81.045
81.14999999999966,8.0,3,1,0,0.24,1.6454535426778574,81.14
81.24999999999966,8.0,3,0,0,0.7556666666666668,1.0601673874817354,81.247
81.34999999999965,9.0,4,0,0,0.319,1.1372327595529388,81.339
81.44999999999965,9.0,3,0,0,0.41033333333333327,0.6506965805050201,81.451
81.54999999999964,9.0,5,0,0,4.9392000000000005,1.9905714356309052,81.542
81.64999999999964,10.0,1,0,0,25.803,0.0,81.654
81.74999999999963,11.0,6,0,0,6.414333333333334,2.379178352591845,81.745
81.84999999999962,8.0,8,0,0,7.5302500000000006,2.8148524669430124,81.842
81.94999999999962,9.0,3,0,0,0.06033333333333333,0.7739343578632022,81.954
82.04999999999961,9.0,2,0,0,0.491,1.013855751436516,82.044
82.14999999999961,12.0,2,0,0,0.123,1.2072554800745934,82.14
82.2499999999996,10.0,2,0,0,0.149,0.8257488585668408,82.246
82.3499999999996,12.0,0,0,0,0.0,0.0,82.343
82.44999999999959,9.0,2,0,0,1.7725,0.7511887554156665,82.442
82.54999999999959,9.0,3,0,0,0.05199999999999999,0.7259456187760338,82.543
82.64999999999958,9.0,6,0,0,0.11733333333333335,1.86925514538645,82.644
82.74999999999957,9.0,2,0,0,0.6005,1.3435617607557881,82.739
82.84999999999957,12.0,1,0,0,0.146,0.0,82.85
82.94999999999956,11.0,0,0,0,0.0,0.0,82.948
83.04999999999956,11.0,2,0,0,1.178,0.20528906550577192,83.045
83.14999999999955,11.0,3,0,0,41.842333333333336,0.7227925697245295,83.15
83.24999999999955,9.0,1,0,0,2.982,0.0,83.239
83.34999999999954,10.0,4,0,0,1.288,1.463417532859514,83.35
83.44999999999953,12.0,2,0,0,0.632,1.224010788952663,83.447
83.54999999999953,12.0,3,0,0,0.6506666666666667,0.8691087197967776,83.545
83.64999999999952,10.0,3,1,0,0.28600000000000003,1.4254589092159657,83.641
83.74999999999952,12.0,4,1,0,8.75725,1.9912475239096006,83.747
83.84999999999951,12.0,3,0,0,1.936333333333333,0.5473027238093525,83.847
83.9499999999995,12.0,5,0,0,0.7996,2.1179134923720992,83.945
84.0499999999995,10.0,1,0,0,0.59,0.0,84.048
84.1499999999995,10.0,2,0,0,0.7035,0.9418039146720611,84.142
84.24999999999949,12.0,3,0,0,0.026333333333333334,0.9496202194182811,84.247
84.34999999999948,12.0,6,0,0,14.628166666666667,1.665399545408376,84.348
84.44999999999948,11.0,1,0,0,0.058,0.0,84.442
84.54999999999947,13.0,1,0,0,48.124,0.0,84.545
84.64999999999947,13.0,5,0,0,0.4196,1.3784479257509192,84.654
84.74999999999946,13.0,4,0,0,0.7390000000000001,0.9447141126285562,84.744
84.84999999999945,12.0,4,0,0,6.156749999999999,1.814535464581694,84.846
84.94999999999945,12.0,3,0,0,0.28833333333333333,1.4557236267081777,84.948
85.04999999999944,13.0,2,0,0,0.768,1.3037281278126969,85.041
85.14999999999944,12.0,1,0,0,0.072,0.0,85.147
85.24999999999943,12.0,3,0,0,0.11833333333333335,1.6223224625778945,85.244
85.34999999999943,10.0,3,1,0,1.0296666666666667,0.6467488014697625,85.34
85.44999999999942,11.0,1,0,0,0.145,0.0,85.447
85.54999999999941,13.0,3,0,0,0.15866666666666668,1.6665650052557708,85.547
85.64999999999941,10.0,4,0,0,0.67025,1.1065450450780179,85.651
85.7499999999994,10.0,4,0,0,0.28525,1.7882888122511753,85.746
85.8499999999994,13.0,3,0,0,0.051666666666666666,0.6338032468133751,85.848
85.94999999999939,11.0,2,0,0,0.6114999999999999,1.2407613674786027,85.948
86.04999999999939,13.0,4,0,0,1.21025,0.5642868770143312,86.052
86.14999999999938,12.0,3,0,0,0.12766666666666668,0.8441499981453939,86.15
86.24999999999937,11.0,2,0,0,4.8839999999999995,1.393365205188234,86.24
86.34999999999937,13.0,1,0,0,1.584,0.0,86.351
86.44999999999936,9.0,7,0,0,0.5825714285714286,1.5643074230468514,86.444
86.54999999999936,10.0,2,0,0,0.2485,1.3629945601141098,86.541
86.64999999999935,10.0,3,0,0,0.075,0.6815668223537098,86.655
86.74999999999935,12.0,1,0,0,0.222,0.0,86.746
86.84999999999934,13.0,3,0,0,0.261,0.45521369318863275,86.841
86.94999999999933,9.0,3,0,0,1.1266666666666667,0.7696045973753338,86.937
87.04999999999933,10.0,4,0,0,14.85475,1.1236018413554116,87.04
87.14999999999932,11.0,3,0,0,0.48466666666666663,1.3175280453863738,87.151
87.24999999999932,12.0,5,0,0,9.310399999999998,1.3582657651940093,87.246
87.34999999999931,11.0,6,0,0,0.6688333333333333,1.5956976993659546,87.349
87.4499999999993,12.0,1,0,0,0.224,0.0,87.449
87.5499999999993,10.0,4,0,0,0.48200000000000004,1.3958889004245956,87.545
87.6499999999993,9.0,3,0,0,0.5473333333333332,1.170304936194165,87.641
87.74999999999929,9.0,8,0,0,0.42412500000000003,1.3501435493293141,87.747
87.84999999999928,8.0,4,0,0,0.18825000000000003,0.6877782598440765,87.843
87.94999999999928,10.0,1,0,0,0.04,0.0,87.941
88.04999999999927,11.0,4,0,0,0.23075,0.3325269308495611,88.046
88.14999999999927,8.0,2,0,0,26.6555,1.411136359296145,88.139
88.24999999999926,11.0,3,0,0,0.17733333333333332,0.13372313091603324,88.237
88.34999999999926,12.0,1,0,0,6.886,0.0,88.346
88.44999999999925,9.0,5,0,0,0.5227999999999999,1.1512197923410523,88.441
88.54999999999924,11.0,3,0,0,0.6193333333333333,0.8788999029014988,88.544
88.64999999999924,12.0,6,0,0,0.6774999999999999,1.0019423681746342,88.649
88.74999999999923,9.0,2,0,0,0.052000000000000005,0.1359820733051053,88.742
88.84999999999923,11.0,1,0,0,0.101,0.0,88.847
88.94999999999922,9.0,3,0,0,0.9099999999999998,1.7177757514245289,88.955
89.04999999999922,8.0,0,0,0,0.0,0.0,89.043
89.14999999999921,11.0,5,0,0,1.7052,1.9940980346556756,89.148
89.2499999999992,10.0,1,0,0,0.251,0.0,89.244
89.3499999999992,8.0,5,0,0,0.8437999999999999,1.1537656816184994,89.337
89.44999999999919,11.0,8,0,0,0.32000000000000006,1.9290122264109306,89.445
89.54999999999919,10.0,6,0,0,0.5918333333333333,0.9456807957083158,89.551
89.64999999999918,8.0,5,0,0,5.034000000000001,2.0168315117107944,89.646
89.74999999999918,8.0,5,0,0,2.91,2.172744037636806,89.738
89.84999999999917,9.0,5,1,0,5.6074,2.2108584104347733,89.84
89.94999999999916,8.0,0,0,0,0.0,0.0,89.934
90.94999999999916,0.0,35,3,0,1.1592571428571432,2.448244419285812,90.94999999999916
91.94999999999916,0.0,24,2,0,0.4604166666666667,1.4057535488816746,91.94999999999916
92.94999999999916,0.0,32,2,0,2.2548749999999997,2.813021403470676,92.94999999999916
93.94999999999916,0.0,22,2,0,1.5643636363636362,3.2037703956042596,93.94999999999916
94.94999999999916,0.0,32,1,0,3.953875,2.3921927314145957,94.94999999999916
95.94999999999916,0.0,33,4,0,1.8933333333333333,3.4185646401700747,95.94999999999916
96.94999999999916,0.0,22,1,0,1.6561818181818182,2.4836847171770424,96.94999999999916
97.94999999999916,0.0,36,1,0,2.0495000000000005,2.730518176163212,97.94999999999916
98.94999999999916,0.0,34,0,0,1.9513529411764694,4.71142420614468,98.94999999999916
99.94999999999916,0.0,32,2,0,0.5584062500000003,1.8400413900243522,99.94999999999916
100.94999999999916,0.0,39,3,0,1.3458461538461541,3.6558508760712094,100.94999999999916
101.94999999999916,0.0,29,0,0,4.308448275862069,2.5718130947099036,101.94999999999916
102.94999999999916,0.0,27,7,0,2.126666666666666,3.130297111986805,102.94999999999916
103.94999999999916,0.0,32,2,0,1.7682499999999994,2.455717098220598,103.94999999999916
104.94999999999916,0.0,22,0,0,1.665181818181818,4.040299239266813,104.94999999999916
105.94999999999916,0.0,25,3,0,0.50948,3.141289380508682,105.94999999999916
106.94999999999916,0.0,23,0,0,6.390130434782611,1.5822360565734854,106.94999999999916
107.94999999999916,0.0,18,0,0,4.282833333333333,2.256673097736313,107.94999999999916
108.94999999999916,0.0,29,0,0,2.541448275862069,1.8425647047169436,108.94999999999916
109.94999999999916,0.0,22,0,0,3.3276363636363637,3.3064856615786624,109.94999999999916
110.94999999999916,0.0,23,2,0,2.991,2.9402102087249062,110.94999999999916
111.94999999999916,0.0,16,0,0,2.0751875,2.2449520145495585,111.94999999999916
112.94999999999916,0.0,34,0,0,3.1775588235294117,3.160912745728314,112.94999999999916
113.94999999999916,0.0,27,0,0,3.523296296296296,2.1977257458080306,113.94999999999916
114.94999999999916,0.0,38,0,0,1.231184210526316,4.337970119442256,114.94999999999916
115.94999999999916,0.0,32,0,0,4.634281249999999,2.3168284494333053,115.94999999999916
116.94999999999916,0.0,43,0,0,0.6609069767441862,3.008872787761449,116.94999999999916
117.94999999999916,0.0,41,0,0,0.4533902439024391,1.6081728665990205,117.94999999999916
118.94999999999916,0.0,41,1,0,1.8898292682926838,4.118643397531058,118.94999999999916
119.94999999999916,0.0,50,0,0,2.078520000000001,3.6227328481824115,119.94999999999916
120.94999999999916,0.0,29,0,0,1.1510344827586207,2.8004754349751564,120.94999999999916
121.94999999999916,0.0,21,1,0,6.492000000000001,1.9846263396128814,121.94999999999916
122.94999999999916,0.0,43,0,0,0.9483255813953488,2.3897579861271034,122.94999999999916
123.94999999999916,0.0,33,0,0,1.4918787878787878,3.220498487583616,123.94999999999916
124.94999999999916,0.0,27,1,0,2.3088888888888888,2.880982382747918,124.94999999999916
125.94999999999916,0.0,33,0,0,0.5471212121212123,2.1107061356504624,125.94999999999916
126.94999999999916,0.0,44,0,0,1.2488863636363638,3.327197408217367,126.94999999999916
127.94999999999916,0.0,45,0,0,2.1404666666666663,3.9894146546626383,127.94999999999916
128.94999999999916,0.0,29,1,0,1.0256896551724137,3.671316056969796,128.94999999999916
129.94999999999916,0.0,21,0,0,5.610428571428573,2.134983940041586,129.94999999999916
130.94999999999916,0.0,22,2,0,2.4585454545454546,2.9285823192790814,130.94999999999916
131.9499999999992,0.0,45,0,0,0.8091777777777777,3.3587819767000724,131.9499999999992
132.9499999999992,0.0,33,1,0,3.9171212121212116,2.9777134823155587,132.9499999999992
133.9499999999992,0.0,20,0,0,0.43039999999999984,1.7900762942831951,133.9499999999992
134.9499999999992,0.0,11,0,0,12.271636363636361,1.222091965372271,134.9499999999992
135.9499999999992,0.0,28,3,0,2.2402142857142855,2.5043771045824754,135.9499999999992
136.9499999999992,0.0,27,3,0,1.0175185185185192,3.84911428675781,136.9499999999992
137.9499999999992,0.0,19,2,0,4.154210526315789,2.751601268886111,137.9499999999992
138.9499999999992,0.0,36,0,0,2.8696944444444434,3.4637765967498346,138.9499999999992
139.9499999999992,0.0,30,2,0,1.0760333333333334,3.2845538679397257,139.9499999999992
140.9499999999992,0.0,31,1,0,1.7750967741935484,2.9763598222833414,140.9499999999992
141.9499999999992,0.0,45,0,0,1.104222222222222,3.351471803754949,141.9499999999992
142.9499999999992,0.0,31,1,0,2.5021290322580643,4.229599313482737,142.9499999999992
143.9499999999992,0.0,23,3,0,1.5430434782608697,2.5917636112829507,143.9499999999992
144.9499999999992,0.0,29,0,0,2.529758620689655,2.599644767048494,144.9499999999992
145.9499999999992,0.0,36,1,0,1.5288611111111114,3.773411433954193,145.9499999999992
146.9499999999992,0.0,24,2,0,2.1700833333333334,3.08062058513435,146.9499999999992
147.9499999999992,0.0,40,1,0,1.0020249999999997,3.0534508819328328,147.9499999999992
148.9499999999992,0.0,30,0,0,4.558033333333333,2.502677142302456,148.9499999999992
149.9499999999992,0.0,32,1,0,2.9774062500000005,3.682522839639285,149.9499999999992
150.9499999999992,0.0,12,1,0,6.71875,2.0864581595069724,150.9499999999992
151.9499999999992,0.0,47,2,0,0.9382127659574468,3.651073216166791,151.9499999999992
152.9499999999992,0.0,17,1,0,1.798764705882353,2.731810460324363,152.9499999999992
153.9499999999992,0.0,23,4,0,2.3466956521739126,2.2791496431483615,153.9499999999992
154.9499999999992,0.0,38,0,0,1.8876052631578943,2.7634520057487673,154.9499999999992
155.9499999999992,0.0,36,2,0,1.6687777777777775,3.162749898471179,155.9499999999992
156.9499999999992,0.0,17,0,0,0.5971764705882353,2.743577285147332,156.9499999999992
157.9499999999992,0.0,25,1,0,1.5099199999999997,3.0729509158770365,157.9499999999992
158.9499999999992,0.0,24,1,0,1.8669166666666666,2.5015589912508256,158.9499999999992
159.9499999999992,0.0,18,1,0,3.152555555555556,2.4711470327688843,159.9499999999992
160.9499999999992,0.0,38,4,0,5.191526315789475,2.795558301344606,160.9499999999992
161.9499999999992,0.0,28,1,0,1.0683214285714284,3.4130236095446387,161.9499999999992
162.9499999999992,0.0,28,7,0,1.9760357142857148,2.9272820950099026,162.9499999999992
163.9499999999992,0.0,37,1,0,1.0365675675675674,3.0515858245763336,163.9499999999992
164.9499999999992,0.0,63,0,0,0.550698412698413,4.576953928676603,164.9499999999992
165.9499999999992,0.0,33,3,0,2.9150000000000005,3.216108819863583,165.9499999999992
166.9499999999992,0.0,46,0,0,1.3480869565217393,3.0440112221707865,166.9499999999992
167.9499999999992,0.0,43,0,0,0.1809767441860465,2.2799786465719136,167.9499999999992
168.9499999999992,0.0,35,1,0,0.8211142857142858,4.059158311537596,168.9499999999992
169.9499999999992,0.0,38,0,0,1.3217368421052629,3.2867975596455956,169.9499999999992
170.9499999999992,0.0,12,3,0,2.1348333333333334,2.5515257484604854,170.9499999999992
171.9499999999992,0.0,24,1,0,5.468333333333333,1.9886514910742128,171.9499999999992
172.9499999999992,0.0,33,0,0,0.6094242424242425,2.3302045110378864,172.9499999999992
173.9499999999992,0.0,39,0,0,0.22325641025641024,2.1600194450150636,173.9499999999992
174.9499999999992,0.0,37,1,0,1.0895405405405407,3.485446064831976,174.9499999999992
175.9499999999992,0.0,67,0,0,1.2178059701492534,3.7022589975043556,175.9499999999992
176.9499999999992,0.0,56,2,0,0.9748749999999994,3.572939331914853,176.9499999999992
177.9499999999992,0.0,45,1,0,1.247222222222222,3.5349099303896767,177.9499999999992
178.9499999999992,0.0,39,1,0,0.2562820512820512,1.9159802554923315,178.9499999999992
179.9499999999992,0.0,61,1,0,0.7874426229508197,4.397711041013366,179.9499999999992
180.9499999999992,0.0,23,1,0,0.8603043478260873,3.743458244842686,180.9499999999992
181.9499999999992,0.0,63,1,0,0.6853333333333333,4.817504471548351,181.9499999999992
182.9499999999992,0.0,52,2,0,0.6827307692307694,3.942285176342758,182.9499999999992
183.9499999999992,0.0,35,1,0,0.6854571428571428,4.314111299831443,183.9499999999992
184.9499999999992,0.0,65,0,0,0.3490307692307692,6.570487187354159,184.9499999999992
185.9499999999992,0.0,46,0,0,0.7394347826086954,4.325929017186126,185.9499999999992
186.9499999999992,0.0,58,1,0,0.8896379310344827,5.373321000287967,186.9499999999992
187.9499999999992,0.0,23,0,0,0.35604347826086963,4.262640200039221,187.9499999999992
188.9499999999992,0.0,15,2,0,1.0711333333333337,3.7667824822872054,188.9499999999992
189.9499999999992,0.0,25,0,0,0.66408,4.78912895721366,189.9499999999992
190.9499999999992,0.0,15,1,0,1.0092666666666668,3.492767032433779,190.9499999999992
191.9499999999992,0.0,34,1,0,1.018970588235294,3.8083333921626923,191.9499999999992
192.9499999999992,0.0,33,1,0,0.3071818181818182,4.365628802716727,192.9499999999992
193.9499999999992,0.0,0,1,0,0.0,0.0,193.9499999999992
194.9499999999992,0.0,18,0,0,1.8071666666666664,2.8464615759600207,194.9499999999992
195.9499999999992,0.0,18,2,0,0.8381666666666667,3.958483960877424,195.9499999999992
196.9499999999992,0.0,34,2,0,0.8727058823529411,3.8203072644337817,196.9499999999992
197.9499999999992,0.0,43,2,0,0.8330465116279071,3.5320098482433453,197.9499999999992
198.9499999999992,0.0,7,0,0,2.0405714285714285,2.5840592383614873,198.9499999999992
199.9499999999992,0.0,49,2,0,1.1107551020408162,5.102927821232677,199.9499999999992
200.9499999999992,0.0,50,2,0,0.31089999999999995,6.083505116869932,200.9499999999992
201.9499999999992,0.0,18,1,0,1.4488888888888887,2.949517168770434,201.9499999999992
202.9499999999992,0.0,28,1,0,1.8041785714285716,3.866714174333718,202.9499999999992
203.9499999999992,0.0,20,4,0,2.18565,4.434563861844613,203.9499999999992
204.9499999999992,0.0,22,2,0,3.3006818181818187,3.4007185182854966,204.9499999999992
205.9499999999992,0.0,40,1,0,0.24320000000000003,5.363986874845741,205.9499999999992
206.9499999999992,0.0,16,3,0,0.5949375,3.841692547728827,206.9499999999992
207.9499999999992,0.0,31,0,0,0.8093548387096776,3.794031845945033,207.9499999999992
208.9499999999992,0.0,37,2,0,1.434891891891892,4.139243665651187,208.9499999999992
209.9499999999992,0.0,16,2,0,4.217875,2.783219756836022,209.9499999999992
210.9499999999992,0.0,22,1,0,2.308045454545455,4.56916313746576,210.9499999999992
211.9499999999992,0.0,16,4,0,0.9434374999999998,3.8758074219996956,211.9499999999992
212.9499999999992,0.0,17,1,0,1.0455882352941175,2.747101747374648,212.9499999999992
213.9499999999992,0.0,34,3,0,3.6066764705882353,3.6522035892143045,213.9499999999992
214.9499999999992,0.0,11,2,0,0.492090909090909,3.1273204305333677,214.9499999999992
215.9499999999992,0.0,8,3,0,2.335375,1.9479441012842595,215.9499999999992
216.9499999999992,0.0,14,1,0,0.0185,1.1781284901648423,216.9499999999992
217.9499999999992,0.0,0,1,0,0.0,0.0,217.9499999999992
218.9499999999992,0.0,1,1,0,18.778,0.0,218.9499999999992
219.9499999999992,0.0,22,1,0,1.8275454545454546,2.3505376484304867,219.9499999999992
220.9499999999992,0.0,45,1,0,0.5500666666666666,6.263836187622745,220.9499999999992
221.9499999999992,0.0,16,0,0,0.39237500000000003,3.718530401875562,221.9499999999992
222.9499999999992,0.0,0,8,0,0.0,0.0,222.9499999999992
223.9499999999992,0.0,4,1,0,8.91575,1.1409296824040946,223.9499999999992
224.9499999999992,0.0,30,1,0,0.9010333333333332,4.272876445301624,224.9499999999992
225.9499999999992,0.0,2,2,0,8.4355,1.4120341093103423,225.9499999999992
226.9499999999992,0.0,17,0,0,1.3773529411764707,3.1271119474159286,226.9499999999992
227.9499999999992,0.0,0,3,0,0.0,0.0,227.9499999999992
228.9499999999992,0.0,0,0,0,0.0,0.0,228.9499999999992
229.9499999999992,0.0,10,0,0,0.6217000000000001,2.9828608234354617,229.9499999999992
230.9499999999992,0.0,28,3,0,3.571392857142858,2.4946068262742114,230.9499999999992
231.9499999999992,0.0,34,1,0,0.4114117647058823,3.703450593968635,231.9499999999992
232.9499999999992,0.0,12,1,0,0.022083333333333333,1.3090785030211416,232.9499999999992
233.9499999999992,0.0,16,1,0,0.48050000000000004,3.6524266724690007,233.9499999999992
234.9499999999992,0.0,2,3,0,12.955,1.4091920398822295,234.9499999999992
235.9499999999992,0.0,49,1,0,1.0425918367346936,4.720268523236895,235.9499999999992
236.9499999999992,0.0,33,4,0,1.9279090909090906,5.130168972937201,236.9499999999992
237.9499999999992,0.0,16,3,0,0.4331875,3.7060932827819566,237.9499999999992
238.9499999999992,0.0,0,3,0,0.0,0.0,238.9499999999992
239.9499999999992,0.0,0,3,0,0.0,0.0,239.9499999999992
240.9499999999992,0.0,9,1,0,11.811222222222224,1.6123261673611213,240.9499999999992
241.9499999999992,0.0,10,1,0,0.0156,1.566459389163212,241.9499999999992
242.9499999999992,0.0,0,3,0,0.0,0.0,242.9499999999992
243.9499999999992,0.0,0,0,0,0.0,0.0,243.9499999999992
244.9499999999992,0.0,0,1,0,0.0,0.0,244.9499999999992
245.9499999999992,0.0,1,0,0,30.075,0.0,245.9499999999992
246.9499999999992,0.0,33,2,0,1.319939393939394,4.136297850372798,246.9499999999992
247.9499999999992,0.0,0,1,0,0.0,0.0,247.9499999999992
248.9499999999992,0.0,0,1,0,0.0,0.0,248.9499999999992
249.9499999999992,0.0,0,1,0,0.0,0.0,249.9499999999992
250.9499999999992,0.0,0,1,0,0.0,0.0,250.9499999999992
251.9499999999992,0.0,22,1,0,6.665409090909091,2.0738350360992515,251.9499999999992
252.9499999999992,0.0,49,3,0,0.8187346938775512,5.579725741236078,252.9499999999992
253.9499999999992,0.0,14,1,0,0.0215,1.3547768796225925,253.9499999999992
254.9499999999992,0.0,0,0,0,0.0,0.0,254.9499999999992
255.9499999999992,0.0,0,2,0,0.0,0.0,255.9499999999992
256.9499999999992,0.0,0,3,0,0.0,0.0,256.9499999999992
257.9499999999992,0.0,17,2,0,3.753176470588236,3.6797533577807373,257.9499999999992
258.9499999999992,0.0,1,1,0,6.975,0.0,258.9499999999992
259.9499999999992,0.0,15,0,0,0.02766666666666667,1.660160524044988,259.9499999999992
260.9499999999992,0.0,0,3,0,0.0,0.0,260.9499999999992
261.9499999999992,0.0,0,1,0,0.0,0.0,261.9499999999992
262.9499999999992,0.0,0,2,0,0.0,0.0,262.9499999999992
263.9499999999992,0.0,17,4,0,3.497823529411765,3.6622764483408177,263.9499999999992
264.9499999999992,0.0,0,1,0,0.0,0.0,264.9499999999992
265.9499999999992,0.0,0,1,0,0.0,0.0,265.9499999999992
266.9499999999992,0.0,0,3,0,0.0,0.0,266.9499999999992
267.9499999999992,0.0,17,1,0,2.8562352941176474,4.073625850173746,267.9499999999992
268.9499999999992,0.0,5,1,0,10.370800000000001,1.923133997790188,268.9499999999992
269.9499999999992,0.0,28,1,0,0.027714285714285716,1.2655701592118094,269.9499999999992
270.9499999999992,0.0,17,0,0,2.563764705882352,4.0743934392119385,270.9499999999992
271.9499999999992,0.0,0,4,0,0.0,0.0,271.9499999999992
272.9499999999992,0.0,0,2,0,0.0,0.0,272.9499999999992
273.9499999999992,0.0,0,3,0,0.0,0.0,273.9499999999992
274.9499999999992,0.0,0,2,0,0.0,0.0,274.9499999999992
275.9499999999992,0.0,1,2,0,44.846,0.0,275.9499999999992
276.9499999999992,0.0,0,1,0,0.0,0.0,276.9499999999992
277.9499999999992,0.0,0,1,0,0.0,0.0,277.9499999999992
278.9499999999992,0.0,1,1,0,46.91,0.0,278.9499999999992
279.9499999999992,0.0,2,0,0,49.455,0.06671439168974681,279.9499999999992
280.9499999999992,0.0,0,2,0,0.0,0.0,280.9499999999992
281.9499999999992,0.0,29,1,0,1.9809655172413796,4.72551379197803,281.9499999999992
282.9499999999992,0.0,4,7,0,0.02225,1.6721577682953381,282.9499999999992
283.9499999999992,0.0,17,1,0,2.9298823529411755,4.081882613046138,283.9499999999992
284.9499999999992,0.0,19,2,0,3.2109473684210523,3.505245125127387,284.9499999999992
285.9499999999992,0.0,15,3,0,0.46953333333333336,3.7213333656136713,285.9499999999992
286.9499999999992,0.0,15,0,0,0.030400000000000003,1.812872234336795,286.9499999999992
287.9499999999992,0.0,0,2,0,0.0,0.0,287.9499999999992
288.9499999999992,0.0,1,0,0,52.912,0.0,288.9499999999992
289.9499999999992,0.0,0,0,0,0.0,0.0,289.9499999999992
290.9499999999992,0.0,2,3,0,3.1814999999999998,1.3315344102117261,290.9499999999992
291.9499999999992,0.0,14,1,0,0.01785714285714286,1.2573613396560028,291.9499999999992
292.9499999999992,0.0,1,2,0,56.996,0.0,292.9499999999992
293.9499999999992,0.0,0,1,0,0.0,0.0,293.9499999999992
294.9499999999992,0.0,10,3,0,0.6201999999999999,2.885973061265045,294.9499999999992
295.9499999999992,0.0,6,1,0,0.0275,1.322706966417076,295.9499999999992
296.9499999999992,0.0,0,6,0,0.0,0.0,296.9499999999992
297.9499999999992,0.0,0,4,0,0.0,0.0,297.9499999999992
298.9499999999992,0.0,16,3,0,0.38568749999999996,3.6722974328899674,298.9499999999992
299.9499999999992,0.0,0,3,0,0.0,0.0,299.9499999999992
300.9499999999992,0.0,0,1,0,0.0,0.0,300.9499999999992
301.9499999999992,0.0,0,2,0,0.0,0.0,301.9499999999992
302.9499999999992,0.0,0,3,0,0.0,0.0,302.9499999999992
303.9499999999992,0.0,0,0,0,0.0,0.0,303.9499999999992
304.9499999999992,0.0,0,1,0,0.0,0.0,304.9499999999992
305.9499999999992,0.0,0,0,0,0.0,0.0,305.9499999999992
306.9499999999992,0.0,0,4,0,0.0,0.0,306.9499999999992
307.9499999999992,0.0,0,1,0,0.0,0.0,307.9499999999992
308.9499999999992,0.0,0,1,0,0.0,0.0,308.9499999999992
309.9499999999992,0.0,0,1,0,0.0,0.0,309.9499999999992
310.9499999999992,0.0,0,1,0,0.0,0.0,310.9499999999992
311.9499999999992,0.0,0,2,0,0.0,0.0,311.9499999999992
312.9499999999992,0.0,0,5,0,0.0,0.0,312.9499999999992
313.9499999999992,0.0,0,3,0,0.0,0.0,313.9499999999992
314.9499999999992,0.0,0,0,0,0.0,0.0,314.9499999999992
315.9499999999992,0.0,0,2,0,0.0,0.0,315.9499999999992
316.9499999999992,0.0,0,3,0,0.0,0.0,316.9499999999992
317.9499999999992,0.0,0,3,0,0.0,0.0,317.9499999999992
318.9499999999992,0.0,0,1,0,0.0,0.0,318.9499999999992
319.9499999999992,0.0,0,1,0,0.0,0.0,319.9499999999992
320.9499999999992,0.0,0,3,0,0.0,0.0,320.9499999999992
321.9499999999992,0.0,0,1,0,0.0,0.0,321.9499999999992
322.9499999999992,0.0,0,2,0,0.0,0.0,322.9499999999992
323.9499999999992,0.0,0,5,0,0.0,0.0,323.9499999999992
324.9499999999992,0.0,0,1,0,0.0,0.0,324.9499999999992
325.9499999999992,0.0,0,1,0,0.0,0.0,325.9499999999992
326.9499999999992,0.0,0,3,0,0.0,0.0,326.9499999999992
327.9499999999992,0.0,0,2,0,0.0,0.0,327.9499999999992
328.9499999999992,0.0,0,1,0,0.0,0.0,328.9499999999992
329.9499999999992,0.0,0,3,0,0.0,0.0,329.9499999999992
330.9499999999992,0.0,0,1,0,0.0,0.0,330.9499999999992
331.9499999999992,0.0,0,4,0,0.0,0.0,331.9499999999992
332.9499999999992,0.0,0,2,0,0.0,0.0,332.9499999999992
333.9499999999992,0.0,0,3,0,0.0,0.0,333.9499999999992
334.9499999999992,0.0,0,2,0,0.0,0.0,334.9499999999992
335.9499999999992,0.0,0,2,0,0.0,0.0,335.9499999999992
336.9499999999992,0.0,0,1,0,0.0,0.0,336.9499999999992
337.9499999999992,0.0,0,1,0,0.0,0.0,337.9499999999992
338.9499999999992,0.0,0,1,0,0.0,0.0,338.9499999999992
339.9499999999992,0.0,0,0,0,0.0,0.0,339.9499999999992
340.9499999999992,0.0,0,2,0,0.0,0.0,340.9499999999992
341.9499999999992,0.0,0,2,0,0.0,0.0,341.9499999999992
342.9499999999992,0.0,0,8,0,0.0,0.0,342.9499999999992
343.9499999999992,0.0,0,2,0,0.0,0.0,343.9499999999992
344.9499999999992,0.0,0,3,0,0.0,0.0,344.9499999999992
345.9499999999992,0.0,0,4,0,0.0,0.0,345.9499999999992
346.9499999999992,0.0,0,1,0,0.0,0.0,346.9499999999992
347.9499999999992,0.0,0,2,0,0.0,0.0,347.9499999999992
348.9499999999992,0.0,0,0,0,0.0,0.0,348.9499999999992
349.9499999999992,0.0,0,0,0,0.0,0.0,349.9499999999992
350.9499999999992,0.0,0,3,0,0.0,0.0,350.9499999999992
351.9499999999992,0.0,0,2,0,0.0,0.0,351.9499999999992
352.9499999999992,0.0,0,2,0,0.0,0.0,352.9499999999992
353.9499999999992,0.0,0,1,0,0.0,0.0,353.9499999999992
354.9499999999992,0.0,0,3,0,0.0,0.0,354.9499999999992
355.9499999999992,0.0,0,2,0,0.0,0.0,355.9499999999992
356.9499999999992,0.0,0,6,0,0.0,0.0,356.9499999999992
357.9499999999992,0.0,0,4,0,0.0,0.0,357.9499999999992
358.9499999999992,0.0,0,4,0,0.0,0.0,358.9499999999992
359.9499999999992,0.0,0,3,0,0.0,0.0,359.9499999999992
360.9499999999992,0.0,0,1,0,0.0,0.0,360.9499999999992
361.9499999999992,0.0,0,2,0,0.0,0.0,361.9499999999992
362.9499999999992,0.0,0,3,0,0.0,0.0,362.9499999999992
363.9499999999992,0.0,0,0,0,0.0,0.0,363.9499999999992
364.9499999999992,0.0,0,1,0,0.0,0.0,364.9499999999992
365.9499999999992,0.0,0,0,0,0.0,0.0,365.9499999999992
366.9499999999992,0.0,0,4,0,0.0,0.0,366.9499999999992
367.9499999999992,0.0,0,1,0,0.0,0.0,367.9499999999992
368.9499999999992,0.0,0,1,0,0.0,0.0,368.9499999999992
369.9499999999992,0.0,0,1,0,0.0,0.0,369.9499999999992
370.9499999999992,0.0,0,1,0,0.0,0.0,370.9499999999992
371.9499999999992,0.0,0,2,0,0.0,0.0,371.9499999999992
372.9499999999992,0.0,0,5,0,0.0,0.0,372.9499999999992
373.9499999999992,0.0,0,3,0,0.0,0.0,373.9499999999992
374.9499999999992,0.0,0,0,0,0.0,0.0,374.9499999999992
375.9499999999992,0.0,0,2,0,0.0,0.0,375.9499999999992
376.9499999999992,0.0,0,3,0,0.0,0.0,376.9499999999992
377.9499999999992,0.0,0,3,0,0.0,0.0,377.9499999999992
378.9499999999992,0.0,0,1,0,0.0,0.0,378.9499999999992
379.9499999999992,0.0,0,1,0,0.0,0.0,379.9499999999992
380.9499999999992,0.0,0,3,0,0.0,0.0,380.9499999999992
381.9499999999992,0.0,0,1,0,0.0,0.0,381.9499999999992
382.9499999999992,0.0,0,2,0,0.0,0.0,382.9499999999992
383.9499999999992,0.0,0,5,0,0.0,0.0,383.9499999999992
384.9499999999992,0.0,0,1,0,0.0,0.0,384.9499999999992
385.9499999999992,0.0,0,1,0,0.0,0.0,385.9499999999992
386.9499999999992,0.0,0,3,0,0.0,0.0,386.9499999999992
387.9499999999992,0.0,0,2,0,0.0,0.0,387.9499999999992
388.9499999999992,0.0,0,1,0,0.0,0.0,388.9499999999992
389.9499999999992,0.0,0,3,0,0.0,0.0,389.9499999999992
390.9499999999992,0.0,0,1,0,0.0,0.0,390.9499999999992
391.9499999999992,0.0,0,4,0,0.0,0.0,391.9499999999992
392.9499999999992,0.0,0,2,0,0.0,0.0,392.9499999999992
393.9499999999992,0.0,0,3,0,0.0,0.0,393.9499999999992
394.9499999999992,0.0,0,2,0,0.0,0.0,394.9499999999992
395.9499999999992,0.0,0,2,0,0.0,0.0,395.9499999999992
396.9499999999992,0.0,0,1,0,0.0,0.0,396.9499999999992
397.9499999999992,0.0,0,1,0,0.0,0.0,397.9499999999992
398.9499999999992,0.0,0,1,0,0.0,0.0,398.9499999999992
399.9499999999992,0.0,0,0,0,0.0,0.0,399.9499999999992
400.9499999999992,0.0,0,2,0,0.0,0.0,400.9499999999992
401.9499999999992,0.0,0,2,0,0.0,0.0,401.9499999999992
402.9499999999992,0.0,0,8,0,0.0,0.0,402.9499999999992
403.9499999999992,0.0,0,2,0,0.0,0.0,403.9499999999992
404.9499999999992,0.0,0,3,0,0.0,0.0,404.9499999999992
405.9499999999992,0.0,0,4,0,0.0,0.0,405.9499999999992
406.9499999999992,0.0,0,1,0,0.0,0.0,406.9499999999992
407.9499999999992,0.0,0,2,0,0.0,0.0,407.9499999999992
408.9499999999992,0.0,0,0,0,0.0,0.0,408.9499999999992
409.9499999999992,0.0,0,0,0,0.0,0.0,409.9499999999992
410.9499999999992,0.0,0,3,0,0.0,0.0,410.9499999999992
411.9499999999992,0.0,0,2,0,0.0,0.0,411.9499999999992
412.9499999999992,0.0,0,2,0,0.0,0.0,412.9499999999992
413.9499999999992,0.0,0,1,0,0.0,0.0,413.9499999999992
414.9499999999992,0.0,0,3,0,0.0,0.0,414.9499999999992
415.9499999999992,0.0,0,2,0,0.0,0.0,415.9499999999992
416.9499999999992,0.0,0,6,0,0.0,0.0,416.9499999999992
417.9499999999992,0.0,0,4,0,0.0,0.0,417.9499999999992
418.9499999999992,0.0,0,4,0,0.0,0.0,418.9499999999992
419.9499999999992,0.0,0,3,0,0.0,0.0,419.9499999999992
420.9499999999992,0.0,0,1,0,0.0,0.0,420.9499999999992
421.9499999999992,0.0,0,2,0,0.0,0.0,421.9499999999992
422.9499999999992,0.0,0,3,0,0.0,0.0,422.9499999999992
423.9499999999992,0.0,0,0,0,0.0,0.0,423.9499999999992
424.9499999999992,0.0,0,1,0,0.0,0.0,424.9499999999992
425.9499999999992,0.0,0,0,0,0.0,0.0,425.9499999999992
426.9499999999992,0.0,0,4,0,0.0,0.0,426.9499999999992
427.9499999999992,0.0,0,1,0,0.0,0.0,427.9499999999992
428.9499999999992,0.0,0,1,0,0.0,0.0,428.9499999999992
429.9499999999992,0.0,0,1,0,0.0,0.0,429.9499999999992
430.9499999999992,0.0,0,1,0,0.0,0.0,430.9499999999992
431.9499999999992,0.0,0,2,0,0.0,0.0,431.9499999999992
432.9499999999992,0.0,0,5,0,0.0,0.0,432.9499999999992
433.9499999999992,0.0,0,3,0,0.0,0.0,433.9499999999992
434.9499999999992,0.0,0,0,0,0.0,0.0,434.9499999999992
435.9499999999992,0.0,0,2,0,0.0,0.0,435.9499999999992
436.9499999999992,0.0,0,3,0,0.0,0.0,436.9499999999992
437.9499999999992,0.0,0,3,0,0.0,0.0,437.9499999999992
438.9499999999992,0.0,0,1,0,0.0,0.0,438.9499999999992
439.9499999999992,0.0,0,1,0,0.0,0.0,439.9499999999992
440.9499999999992,0.0,0,3,0,0.0,0.0,440.9499999999992
441.9499999999992,0.0,0,1,0,0.0,0.0,441.9499999999992
442.9499999999992,0.0,0,2,0,0.0,0.0,442.9499999999992
443.9499999999992,0.0,0,5,0,0.0,0.0,443.9499999999992
444.9499999999992,0.0,0,1,0,0.0,0.0,444.9499999999992
445.9499999999992,0.0,0,1,0,0.0,0.0,445.9499999999992
446.9499999999992,0.0,0,3,0,0.0,0.0,446.9499999999992
447.9499999999992,0.0,0,2,0,0.0,0.0,447.9499999999992
448.9499999999992,0.0,0,1,0,0.0,0.0,448.9499999999992
449.9499999999992,0.0,0,3,0,0.0,0.0,449.9499999999992
450.9499999999992,0.0,0,1,0,0.0,0.0,450.9499999999992
451.9499999999992,0.0,0,4,0,0.0,0.0,451.9499999999992
452.9499999999992,0.0,0,2,0,0.0,0.0,452.9499999999992
453.9499999999992,0.0,0,3,0,0.0,0.0,453.9499999999992
454.9499999999992,0.0,0,2,0,0.0,0.0,454.9499999999992
455.9499999999992,0.0,0,2,0,0.0,0.0,455.9499999999992
456.9499999999992,0.0,0,1,0,0.0,0.0,456.9499999999992
457.9499999999992,0.0,0,1,0,0.0,0.0,457.9499999999992
458.9499999999992,0.0,0,1,0,0.0,0.0,458.9499999999992
459.9499999999992,0.0,0,0,0,0.0,0.0,459.9499999999992
460.9499999999992,0.0,0,2,0,0.0,0.0,460.9499999999992
461.9499999999992,0.0,0,2,0,0.0,0.0,461.9499999999992
462.9499999999992,0.0,0,8,0,0.0,0.0,462.9499999999992
463.9499999999992,0.0,0,2,0,0.0,0.0,463.9499999999992
464.9499999999992,0.0,0,3,0,0.0,0.0,464.9499999999992
465.9499999999992,0.0,0,4,0,0.0,0.0,465.9499999999992
466.9499999999992,0.0,0,1,0,0.0,0.0,466.9499999999992
467.9499999999992,0.0,0,2,0,0.0,0.0,467.9499999999992
468.9499999999992,0.0,0,0,0,0.0,0.0,468.9499999999992
469.9499999999992,0.0,0,0,0,0.0,0.0,469.9499999999992
470.9499999999992,0.0,0,3,0,0.0,0.0,470.9499999999992
471.9499999999992,0.0,0,2,0,0.0,0.0,471.9499999999992
472.9499999999992,0.0,0,2,0,0.0,0.0,472.9499999999992
473.9499999999992,0.0,0,1,0,0.0,0.0,473.9499999999992
474.9499999999992,0.0,0,3,0,0.0,0.0,474.9499999999992
475.9499999999992,0.0,0,2,0,0.0,0.0,475.9499999999992
476.9499999999992,0.0,0,6,0,0.0,0.0,476.9499999999992
477.9499999999992,0.0,0,4,0,0.0,0.0,477.9499999999992
478.9499999999992,0.0,0,4,0,0.0,0.0,478.9499999999992
479.9499999999992,0.0,0,3,0,0.0,0.0,479.9499999999992
480.9499999999992,0.0,0,1,0,0.0,0.0,480.9499999999992
481.9499999999992,0.0,0,2,0,0.0,0.0,481.9499999999992
482.9499999999992,0.0,0,2,0,0.0,0.0,482.9499999999992
483.9499999999992,0.0,0,1,0,0.0,0.0,483.9499999999992
484.9499999999992,0.0,0,1,0,0.0,0.0,484.9499999999992
485.9499999999992,0.0,0,0,0,0.0,0.0,485.9499999999992
486.9499999999992,0.0,0,4,0,0.0,0.0,486.9499999999992
487.9499999999992,0.0,0,1,0,0.0,0.0,487.9499999999992
488.9499999999992,0.0,0,1,0,0.0,0.0,488.9499999999992
489.9499999999992,0.0,0,1,0,0.0,0.0,489.9499999999992
490.9499999999992,0.0,0,1,0,0.0,0.0,490.9499999999992
491.9499999999992,0.0,0,2,0,0.0,0.0,491.9499999999992
492.9499999999992,0.0,0,5,0,0.0,0.0,492.9499999999992
493.9499999999992,0.0,0,3,0,0.0,0.0,493.9499999999992
494.9499999999992,0.0,0,0,0,0.0,0.0,494.9499999999992
495.9499999999992,0.0,0,2,0,0.0,0.0,495.9499999999992
496.9499999999992,0.0,0,3,0,0.0,0.0,496.9499999999992
497.9499999999992,0.0,0,3,0,0.0,0.0,497.9499999999992
498.9499999999992,0.0,0,1,0,0.0,0.0,498.9499999999992
499.9499999999992,0.0,0,1,0,0.0,0.0,499.9499999999992
500.9499999999992,0.0,0,3,0,0.0,0.0,500.9499999999992
501.9499999999992,0.0,0,1,0,0.0,0.0,501.9499999999992
502.9499999999992,0.0,0,2,0,0.0,0.0,502.9499999999992
503.9499999999992,0.0,0,5,0,0.0,0.0,503.9499999999992
504.9499999999992,0.0,0,1,0,0.0,0.0,504.9499999999992
505.9499999999992,0.0,0,1,0,0.0,0.0,505.9499999999992
506.9499999999992,0.0,0,3,0,0.0,0.0,506.9499999999992
507.9499999999992,0.0,0,2,0,0.0,0.0,507.9499999999992
508.9499999999992,0.0,0,1,0,0.0,0.0,508.9499999999992
509.9499999999992,0.0,0,3,0,0.0,0.0,509.9499999999992
510.9499999999992,0.0,0,1,0,0.0,0.0,510.9499999999992
511.9499999999992,0.0,0,4,0,0.0,0.0,511.9499999999992
512.9499999999991,0.0,0,2,0,0.0,0.0,512.9499999999991
513.9499999999991,0.0,0,3,0,0.0,0.0,513.9499999999991
514.9499999999991,0.0,0,2,0,0.0,0.0,514.9499999999991
515.9499999999991,0.0,0,2,0,0.0,0.0,515.9499999999991
516.9499999999991,0.0,0,1,0,0.0,0.0,516.9499999999991
517.9499999999991,0.0,0,1,0,0.0,0.0,517.9499999999991
518.9499999999991,0.0,0,1,0,0.0,0.0,518.9499999999991
519.9499999999991,0.0,0,0,0,0.0,0.0,519.9499999999991
520.9499999999991,0.0,0,2,0,0.0,0.0,520.9499999999991
521.9499999999991,0.0,0,2,0,0.0,0.0,521.9499999999991
522.9499999999991,0.0,0,8,0,0.0,0.0,522.9499999999991
523.9499999999991,0.0,0,2,0,0.0,0.0,523.9499999999991
524.9499999999991,0.0,0,3,0,0.0,0.0,524.9499999999991
525.9499999999991,0.0,0,4,0,0.0,0.0,525.9499999999991
526.9499999999991,0.0,0,1,0,0.0,0.0,526.9499999999991
527.9499999999991,0.0,0,2,0,0.0,0.0,527.9499999999991
528.9499999999991,0.0,0,0,0,0.0,0.0,528.9499999999991
529.9499999999991,0.0,0,0,0,0.0,0.0,529.9499999999991
530.9499999999991,0.0,0,3,0,0.0,0.0,530.9499999999991
531.9499999999991,0.0,0,2,0,0.0,0.0,531.9499999999991
532.9499999999991,0.0,0,2,0,0.0,0.0,532.9499999999991
533.9499999999991,0.0,0,1,0,0.0,0.0,533.9499999999991
534.9499999999991,0.0,0,3,0,0.0,0.0,534.9499999999991
535.9499999999991,0.0,0,2,0,0.0,0.0,535.9499999999991
536.9499999999991,0.0,0,6,0,0.0,0.0,536.9499999999991
537.9499999999991,0.0,0,4,0,0.0,0.0,537.9499999999991
538.9499999999991,0.0,0,4,0,0.0,0.0,538.9499999999991
539.9499999999991,0.0,0,3,0,0.0,0.0,539.9499999999991
540.9499999999991,0.0,0,1,0,0.0,0.0,540.9499999999991
541.9499999999991,0.0,0,2,0,0.0,0.0,541.9499999999991
542.9499999999991,0.0,0,2,0,0.0,0.0,542.9499999999991
543.9499999999991,0.0,0,1,0,0.0,0.0,543.9499999999991
544.9499999999991,0.0,0,1,0,0.0,0.0,544.9499999999991
545.9499999999991,0.0,0,0,0,0.0,0.0,545.9499999999991
546.9499999999991,0.0,0,4,0,0.0,0.0,546.9499999999991
547.9499999999991,0.0,0,1,0,0.0,0.0,547.9499999999991
548.9499999999991,0.0,0,1,0,0.0,0.0,548.9499999999991
549.9499999999991,0.0,0,1,0,0.0,0.0,549.9499999999991
550.9499999999991,0.0,0,1,0,0.0,0.0,550.9499999999991
551.9499999999991,0.0,0,2,0,0.0,0.0,551.9499999999991
552.9499999999991,0.0,0,5,0,0.0,0.0,552.9499999999991
553.9499999999991,0.0,0,3,0,0.0,0.0,553.9499999999991
554.9499999999991,0.0,0,0,0,0.0,0.0,554.9499999999991
555.9499999999991,0.0,0,2,0,0.0,0.0,555.9499999999991
556.9499999999991,0.0,0,3,0,0.0,0.0,556.9499999999991
557.9499999999991,0.0,0,3,0,0.0,0.0,557.9499999999991
558.9499999999991,0.0,0,1,0,0.0,0.0,558.9499999999991
559.9499999999991,0.0,0,1,0,0.0,0.0,559.9499999999991
560.9499999999991,0.0,0,3,0,0.0,0.0,560.9499999999991
561.9499999999991,0.0,0,1,0,0.0,0.0,561.9499999999991
562.9499999999991,0.0,0,2,0,0.0,0.0,562.9499999999991
563.9499999999991,0.0,0,5,0,0.0,0.0,563.9499999999991
564.9499999999991,0.0,0,1,0,0.0,0.0,564.9499999999991
565.9499999999991,0.0,0,1,0,0.0,0.0,565.9499999999991
566.9499999999991,0.0,0,3,0,0.0,0.0,566.9499999999991
567.9499999999991,0.0,0,2,0,0.0,0.0,567.9499999999991
568.9499999999991,0.0,0,1,0,0.0,0.0,568.9499999999991
569.9499999999991,0.0,0,3,0,0.0,0.0,569.9499999999991
570.9499999999991,0.0,0,1,0,0.0,0.0,570.9499999999991
571.9499999999991,0.0,0,4,0,0.0,0.0,571.9499999999991
572.9499999999991,0.0,0,2,0,0.0,0.0,572.9499999999991
573.9499999999991,0.0,0,3,0,0.0,0.0,573.9499999999991
574.9499999999991,0.0,0,2,0,0.0,0.0,574.9499999999991
575.9499999999991,0.0,0,2,0,0.0,0.0,575.9499999999991
576.9499999999991,0.0,0,0,0,0.0,0.0,576.9499999999991
577.9499999999991,0.0,0,2,0,0.0,0.0,577.9499999999991
578.9499999999991,0.0,0,1,0,0.0,0.0,578.9499999999991
579.9499999999991,0.0,0,0,0,0.0,0.0,579.9499999999991
580.9499999999991,0.0,0,2,0,0.0,0.0,580.9499999999991
581.9499999999991,0.0,0,2,0,0.0,0.0,581.9499999999991
582.9499999999991,0.0,0,8,0,0.0,0.0,582.9499999999991
583.9499999999991,0.0,0,2,0,0.0,0.0,583.9499999999991
584.9499999999991,0.0,0,3,0,0.0,0.0,584.9499999999991
585.9499999999991,0.0,0,4,0,0.0,0.0,585.9499999999991
586.9499999999991,0.0,0,1,0,0.0,0.0,586.9499999999991
587.9499999999991,0.0,0,2,0,0.0,0.0,587.9499999999991
588.9499999999991,0.0,0,0,0,0.0,0.0,588.9499999999991
589.9499999999991,0.0,0,0,0,0.0,0.0,589.9499999999991
590.9499999999991,0.0,0,2,0,0.0,0.0,590.9499999999991
591.9499999999991,0.0,0,3,0,0.0,0.0,591.9499999999991
592.9499999999991,0.0,0,2,0,0.0,0.0,592.9499999999991
593.9499999999991,0.0,0,1,0,0.0,0.0,593.9499999999991
594.9499999999991,0.0,0,3,0,0.0,0.0,594.9499999999991
595.9499999999991,0.0,0,2,0,0.0,0.0,595.9499999999991
596.9499999999991,0.0,0,6,0,0.0,0.0,596.9499999999991
597.9499999999991,0.0,0,4,0,0.0,0.0,597.9499999999991
598.9499999999991,0.0,0,4,0,0.0,0.0,598.9499999999991
599.9499999999991,0.0,0,3,0,0.0,0.0,599.9499999999991
600.9499999999991,0.0,0,1,0,0.0,0.0,600.9499999999991
601.9499999999991,0.0,0,2,0,0.0,0.0,601.9499999999991
602.9499999999991,0.0,0,2,0,0.0,0.0,602.9499999999991
603.9499999999991,0.0,0,1,0,0.0,0.0,603.9499999999991
604.9499999999991,0.0,0,1,0,0.0,0.0,604.9499999999991
605.9499999999991,0.0,0,0,0,0.0,0.0,605.9499999999991
606.9499999999991,0.0,0,4,0,0.0,0.0,606.9499999999991
607.9499999999991,0.0,0,1,0,0.0,0.0,607.9499999999991
608.9499999999991,0.0,0,1,0,0.0,0.0,608.9499999999991
609.9499999999991,0.0,0,1,0,0.0,0.0,609.9499999999991
610.9499999999991,0.0,0,1,0,0.0,0.0,610.9499999999991
611.9499999999991,0.0,0,2,0,0.0,0.0,611.9499999999991
612.9499999999991,0.0,0,5,0,0.0,0.0,612.9499999999991
613.9499999999991,0.0,0,3,0,0.0,0.0,613.9499999999991
614.9499999999991,0.0,0,0,0,0.0,0.0,614.9499999999991
615.9499999999991,0.0,0,2,0,0.0,0.0,615.9499999999991
616.9499999999991,0.0,0,3,0,0.0,0.0,616.9499999999991
617.9499999999991,0.0,0,3,0,0.0,0.0,617.9499999999991
618.9499999999991,0.0,0,1,0,0.0,0.0,618.9499999999991
619.9499999999991,0.0,0,1,0,0.0,0.0,619.9499999999991
620.9499999999991,0.0,0,3,0,0.0,0.0,620.9499999999991
621.9499999999991,0.0,0,1,0,0.0,0.0,621.9499999999991
622.9499999999991,0.0,0,2,0,0.0,0.0,622.9499999999991
623.9499999999991,0.0,0,5,0,0.0,0.0,623.9499999999991
624.9499999999991,0.0,0,1,0,0.0,0.0,624.9499999999991
625.9499999999991,0.0,0,1,0,0.0,0.0,625.9499999999991
626.9499999999991,0.0,0,3,0,0.0,0.0,626.9499999999991
627.9499999999991,0.0,0,2,0,0.0,0.0,627.9499999999991
628.9499999999991,0.0,0,1,0,0.0,0.0,628.9499999999991
629.9499999999991,0.0,0,3,0,0.0,0.0,629.9499999999991
630.9499999999991,0.0,0,1,0,0.0,0.0,630.9499999999991
631.9499999999991,0.0,0,4,0,0.0,0.0,631.9499999999991
632.9499999999991,0.0,0,2,0,0.0,0.0,632.9499999999991
633.9499999999991,0.0,0,3,0,0.0,0.0,633.9499999999991
634.9499999999991,0.0,0,2,0,0.0,0.0,634.9499999999991
635.9499999999991,0.0,0,2,0,0.0,0.0,635.9499999999991
636.9499999999991,0.0,0,1,0,0.0,0.0,636.9499999999991
637.9499999999991,0.0,0,1,0,0.0,0.0,637.9499999999991
638.9499999999991,0.0,0,1,0,0.0,0.0,638.9499999999991
639.9499999999991,0.0,0,0,0,0.0,0.0,639.9499999999991
640.9499999999991,0.0,0,2,0,0.0,0.0,640.9499999999991
641.9499999999991,0.0,0,2,0,0.0,0.0,641.9499999999991
642.9499999999991,0.0,0,8,0,0.0,0.0,642.9499999999991
643.9499999999991,0.0,0,2,0,0.0,0.0,643.9499999999991
644.9499999999991,0.0,0,3,0,0.0,0.0,644.9499999999991
645.9499999999991,0.0,0,4,0,0.0,0.0,645.9499999999991
646.9499999999991,0.0,0,1,0,0.0,0.0,646.9499999999991
647.9499999999991,0.0,0,2,0,0.0,0.0,647.9499999999991
648.9499999999991,0.0,0,0,0,0.0,0.0,648.9499999999991
649.9499999999991,0.0,0,0,0,0.0,0.0,649.9499999999991
650.9499999999991,0.0,0,2,0,0.0,0.0,650.9499999999991
651.9499999999991,0.0,0,3,0,0.0,0.0,651.9499999999991
652.9499999999991,0.0,0,2,0,0.0,0.0,652.9499999999991
653.9499999999991,0.0,0,1,0,0.0,0.0,653.9499999999991
654.9499999999991,0.0,0,3,0,0.0,0.0,654.9499999999991
655.9499999999991,0.0,0,2,0,0.0,0.0,655.9499999999991
656.9499999999991,0.0,0,6,0,0.0,0.0,656.9499999999991
657.9499999999991,0.0,0,4,0,0.0,0.0,657.9499999999991
658.9499999999991,0.0,0,4,0,0.0,0.0,658.9499999999991
659.9499999999991,0.0,0,3,0,0.0,0.0,659.9499999999991
660.9499999999991,0.0,0,1,0,0.0,0.0,660.9499999999991
661.9499999999991,0.0,0,2,0,0.0,0.0,661.9499999999991
662.9499999999991,0.0,0,2,0,0.0,0.0,662.9499999999991
663.9499999999991,0.0,0,1,0,0.0,0.0,663.9499999999991
664.9499999999991,0.0,0,1,0,0.0,0.0,664.9499999999991
665.9499999999991,0.0,0,0,0,0.0,0.0,665.9499999999991
666.9499999999991,0.0,0,4,0,0.0,0.0,666.9499999999991
667.9499999999991,0.0,0,1,0,0.0,0.0,667.9499999999991
668.9499999999991,0.0,0,1,0,0.0,0.0,668.9499999999991
669.9499999999991,0.0,0,1,0,0.0,0.0,669.9499999999991
670.9499999999991,0.0,0,1,0,0.0,0.0,670.9499999999991
671.9499999999991,0.0,0,2,0,0.0,0.0,671.9499999999991
672.9499999999991,0.0,0,5,0,0.0,0.0,672.9499999999991
673.9499999999991,0.0,0,3,0,0.0,0.0,673.9499999999991
674.9499999999991,0.0,0,0,0,0.0,0.0,674.9499999999991
675.9499999999991,0.0,0,2,0,0.0,0.0,675.9499999999991
676.9499999999991,0.0,0,3,0,0.0,0.0,676.9499999999991
677.9499999999991,0.0,0,3,0,0.0,0.0,677.9499999999991
678.9499999999991,0.0,0,1,0,0.0,0.0,678.9499999999991
679.9499999999991,0.0,0,1,0,0.0,0.0,679.9499999999991
680.9499999999991,0.0,0,3,0,0.0,0.0,680.9499999999991
681.9499999999991,0.0,0,1,0,0.0,0.0,681.9499999999991
682.9499999999991,0.0,0,2,0,0.0,0.0,682.9499999999991
683.9499999999991,0.0,0,5,0,0.0,0.0,683.9499999999991
684.9499999999991,0.0,0,1,0,0.0,0.0,684.9499999999991
685.9499999999991,0.0,0,1,0,0.0,0.0,685.9499999999991
686.9499999999991,0.0,0,3,0,0.0,0.0,686.9499999999991
687.9499999999991,0.0,0,2,0,0.0,0.0,687.9499999999991
688.9499999999991,0.0,0,1,0,0.0,0.0,688.9499999999991
689.9499999999991,0.0,0,3,0,0.0,0.0,689.9499999999991
690.9499999999991,0.0,0,1,0,0.0,0.0,690.9499999999991
691.9499999999991,0.0,0,4,0,0.0,0.0,691.9499999999991
692.9499999999991,0.0,0,2,0,0.0,0.0,692.9499999999991
693.9499999999991,0.0,0,3,0,0.0,0.0,693.9499999999991
694.9499999999991,0.0,0,2,0,0.0,0.0,694.9499999999991
695.9499999999991,0.0,0,2,0,0.0,0.0,695.9499999999991
696.9499999999991,0.0,0,0,0,0.0,0.0,696.9499999999991
697.9499999999991,0.0,0,2,0,0.0,0.0,697.9499999999991
698.9499999999991,0.0,0,1,0,0.0,0.0,698.9499999999991
699.9499999999991,0.0,0,0,0,0.0,0.0,699.9499999999991
700.9499999999991,0.0,0,2,0,0.0,0.0,700.9499999999991
701.9499999999991,0.0,0,2,0,0.0,0.0,701.9499999999991
702.9499999999991,0.0,0,8,0,0.0,0.0,702.9499999999991
703.9499999999991,0.0,0,2,0,0.0,0.0,703.9499999999991
704.9499999999991,0.0,0,3,0,0.0,0.0,704.9499999999991
705.9499999999991,0.0,0,4,0,0.0,0.0,705.9499999999991
706.9499999999991,0.0,0,1,0,0.0,0.0,706.9499999999991
707.9499999999991,0.0,0,2,0,0.0,0.0,707.9499999999991
708.9499999999991,0.0,0,0,0,0.0,0.0,708.9499999999991
709.9499999999991,0.0,0,0,0,0.0,0.0,709.9499999999991
710.9499999999991,0.0,0,2,0,0.0,0.0,710.9499999999991
711.9499999999991,0.0,0,3,0,0.0,0.0,711.9499999999991
712.9499999999991,0.0,0,2,0,0.0,0.0,712.9499999999991
713.9499999999991,0.0,0,1,0,0.0,0.0,713.9499999999991
714.9499999999991,0.0,0,3,0,0.0,0.0,714.9499999999991
715.9499999999991,0.0,0,2,0,0.0,0.0,715.9499999999991
716.9499999999991,0.0,0,6,0,0.0,0.0,716.9499999999991
717.9499999999991,0.0,0,4,0,0.0,0.0,717.9499999999991
718.9499999999991,0.0,0,4,0,0.0,0.0,718.9499999999991
719.9499999999991,0.0,0,3,0,0.0,0.0,719.9499999999991
720.9499999999991,0.0,0,1,0,0.0,0.0,720.9499999999991
721.9499999999991,0.0,0,2,0,0.0,0.0,721.9499999999991
722.9499999999991,0.0,0,2,0,0.0,0.0,722.9499999999991
723.9499999999991,0.0,0,1,0,0.0,0.0,723.9499999999991
724.9499999999991,0.0,0,1,0,0.0,0.0,724.9499999999991
725.9499999999991,0.0,0,0,0,0.0,0.0,725.9499999999991
726.9499999999991,0.0,0,4,0,0.0,0.0,726.9499999999991
727.9499999999991,0.0,0,1,0,0.0,0.0,727.9499999999991
728.9499999999991,0.0,0,1,0,0.0,0.0,728.9499999999991
729.9499999999991,0.0,0,1,0,0.0,0.0,729.9499999999991
730.9499999999991,0.0,0,1,0,0.0,0.0,730.9499999999991
731.9499999999991,0.0,0,2,0,0.0,0.0,731.9499999999991
732.9499999999991,0.0,0,5,0,0.0,0.0,732.9499999999991
733.9499999999991,0.0,0,3,0,0.0,0.0,733.9499999999991
734.9499999999991,0.0,0,0,0,0.0,0.0,734.9499999999991
735.9499999999991,0.0,0,2,0,0.0,0.0,735.9499999999991
